职位标题,薪资,薪资单位,结算方式,公司名称,发布时间,职位详情,职位链接
6号龙岗龙城广场附近圆通日结,180,天,日结,深圳市信达人力资源管理有限公司,05-06,"龙岗龙城广场地铁站附近圆通扫描分拣建包兼职日结，男女都要， 日结18块一小时，17：00-5：00（10小时170）晚上到14号线嶂背地铁站B出口导航到定位集合、保险一天3块

兼职要求：带身份证或照片，不要拖鞋、凉鞋，短裤超过膝盖可以
禁止转载

联系我时请说明在1010兼职网看到的
联系人：袁生
公司地址：深圳市罗湖清水河街道 [交通地图]
手机：185 6588 ****点击查看完整电话
微信：if5015
提示：请不要交钱给任何单位",https://sz.1010jz.com/jiazheng/a1794984.html
6日龙岗永湖附近圆通分拣扫描日结,18,小时,日结,深圳市信达人力资源管理有限公司,05-06,"龙岗永湖地铁站附近圆通日结，男女都要，日结18块一小时，18:00__6:00，到三号线永湖地铁站A2出口导航到定位集合 。保险一天3块。
禁止转载

联系我时请说明在1010兼职网看到的
联系人：袁生
公司地址：深圳市罗湖清水河街道 [交通地图]
手机：185 2081 ****点击查看完整电话
微信：if2066
提示：请不要交钱给任何单位",https://sz.1010jz.com/jiazheng/a1797242.html
6号龙岗平湖中通快递日结,17,小时,日结,深圳市信达人力资源管理有限公司,05-06,"龙岗平湖中通兼职晚班，男女都要，20-48岁。日结17块一小时，男女都要，20：00-6：00
晚上7点半集合
禁止转载

联系我时请说明在1010兼职网看到的
联系人：袁
公司地址：深圳市罗湖清水河街道 [交通地图]
手机：136 8883 ****点击查看完整电话
微信：if8254
提示：请不要交钱给任何单位",https://sz.1010jz.com/jiazheng/a1798952.html
纯日结/短期日结/工厂/保安,150,天,日结,深圳市生和人力资源有限公司,05-06,"更多纯日结单，可+我查看
1、龙华/沙井联通卡，日结80元现金+200元话费，卡给你自己使用、卡有100元话费，联通卡=50元/张，移动卡=30元/张，中午11:00-16:30内办理

2、宝安app拉新  日结120元-200元，30元/小时，基本4-8小时，没做过app充场都可以，，下载各类app软件、注册虚拟卡，不绑卡无风险，18-60岁，时间早9:30-17:00，早9:15前

3、龙华地铁站台保安
办健康证70元满月报销，包吃包住，两班倒8:00-8:00左右，12小时，在老家交养老保险170元/天，没交的有保安证160元/天，无保安证155元/天，加班15元/小时，服装帽子一套140元工资里扣，男18-50岁以内，正式上岗前跟岗3天，每天8小时，跟岗考核不合格的没有跟岗工资（要酱油的不合适）

4、沙井兴英电子  周结
工期2个月起，体检61.5元，18元/小时+包吃住+每周借支500元+两班倒有站有坐，线路板的组装包装测试等，18-45岁，工衣45元，工作满一个月体检费和工衣费报销

5、光明马田特发电子 日结
手机放车间门口柜子，工期2个月起，不体检，17元/小时+包吃住（吃扣5元/天）+长白班有站有坐+3天后每天发150元+产品/组装/包装等，16-40岁

6、石岩科莱昂科技  
工期3个月起，不体检，17元/小时+包吃住（每餐补6.5元吃超工资里扣）+每周借支500元+长白班走动式站班（个别夜班补15元/天）+无人机的组装包装测试等，16-38岁

7、南山南岗注塑厂 
工期2个月起，不体检，20元/小时+包住+每周借支500元+两班倒有站有坐，手机壳组装注塑丝印等，独立岗位，18-45岁

8、南山阳光路由器 日结 
工期3个月起，不体检，17元/小时+包吃住+3天后可每天发150元+长白班有站有坐（个别夜班补1元/小时），路由器组装包装测试等，18-35岁（前三天吃饭自费）

禁止转载

联系我时请说明在1010兼职网看到的
联系人：
公司地址：深圳市龙华区富泉大厦B座604 [交通地图]
微信：z256756
提示：请不要交钱给任何单位",https://sz.1010jz.com/qita/a1801043.html
运营商大量要充业绩兼职,180,次,日结,深圳曾燕兼职团队,05-06,无法获取职位详情,https://sz.1010jz.com/qita/a1800877.html
大量要龙华沙井充场兼职,120,天,日结,深圳曾燕兼职团队,05-06,无法获取职位详情,https://sz.1010jz.com/qita/a1801051.html
运营商充量兼职男女不限,180,天,日结,深圳曾燕兼职团队,05-06,无法获取职位详情,https://sz.1010jz.com/qita/a1801122.html
公司直招两名质检员工,6000,月,月结,深圳曾燕兼职团队,05-06,无法获取职位详情,https://sz.1010jz.com/gongren/a1800951.html
长期要龙华沙井充场兼职,120,天,日结,深圳曾燕兼职团队,05-06,无法获取职位详情,https://sz.1010jz.com/qita/a1801128.html
运营商招充量兼职50名,120,天,日结,深圳曾燕兼职团队,05-06,无法获取职位详情,https://sz.1010jz.com/qita/a1800958.html
龙华每天要50名充量兼职,150,天,日结,深圳曾燕兼职团队,05-06,无法获取职位详情,https://sz.1010jz.com/qita/a1801094.html
长期要周六日服务员兼职,18,小时,次日结,深圳曾燕兼职团队,05-06,无法获取职位详情,https://sz.1010jz.com/fuwuyuan/a1801096.html
招明天龙华兼职数名,150,天,日结,深圳曾燕兼职团队,05-06,无法获取职位详情,https://sz.1010jz.com/qita/a1801121.html
长期招深圳连锁餐厅兼职，男女不限,18,小时,次日结,深圳曾燕兼职团队,05-06,无法获取职位详情,https://sz.1010jz.com/fuwuyuan/a1801082.html
花洒包装免费包吃住工厂日结下班发工资,285,天,日结,创意盈图科技（深圳）有限公司,05-06,"长期小时工也招，日结也招，提前报名天天有名额，包吃，提供宿舍

电子产品，只上白班，坐班，包吃包住

工期做看自己，可长期做，短期做都可以，也可长期做
禁止转载

联系我时请说明在1010兼职网看到的
联系人：
公司地址：深圳市南山区粤海街道高新区社区高新南七道138号惠恒大楼一期399 [交通地图]
微信：v17710047432
提示：请不要交钱给任何单位",https://sz.1010jz.com/gongren/a1795073.html
音响小厂日结下班给钱有吃住,290,天,日结,创意盈图科技（深圳）有限公司,05-06,"音响小厂临时工
每天安排上班，做一天也行 有吃住
每天发钱，有住宿，
一、简介：扫描包装安装，
二、要求：年龄16-45岁，男女不限，不用体检、不用面试！都可以安排。


禁止转载

联系我时请说明在1010兼职网看到的
联系人：
公司地址：深圳市南山区粤海街道高新区社区高新南七道138号惠恒大楼一期399 [交通地图]
微信：v17710047432
提示：请不要交钱给任何单位",https://sz.1010jz.com/gongren/a1794691.html
电子无人机打包下班给,275,天,日结,创意盈图科技（深圳）有限公司,05-06,"工作无人机打包组装每天下班给钱天天要人
禁止转载

联系我时请说明在1010兼职网看到的
联系人：
公司地址：深圳市南山区粤海街道高新区社区高新南七道138号惠恒大楼一期399 [交通地图]
微信：uu5702
提示：请不要交钱给任何单位",https://sz.1010jz.com/gongren/a1797692.html
电商分拣洗手给钱,350,天,日结,创意盈图科技（深圳）有限公司,05-06,"分拣仓库，鞋子衣服分拣、扫描、打包，全部都是手工活当天可以安排住宿吃饭等
禁止转载

联系我时请说明在1010兼职网看到的
联系人：杨小姐
公司地址：深圳市南山区粤海街道高新区社区高新南七道138号惠恒大楼一期399 [交通地图]
微信：v17710047432
提示：请不要交钱给任何单位",https://sz.1010jz.com/jiazheng/a1795076.html
每天日结入职可借支,290,天,日结,创意盈图科技（深圳）有限公司,05-06,"电子厂，做儿童手表，血压仪，蓝牙耳机，组装，测试，包装，洗手给钱
禁止转载

联系我时请说明在1010兼职网看到的
联系人：
公司地址：深圳市南山区粤海街道高新区社区高新南七道138号惠恒大楼一期399 [交通地图]
微信：uu5702
提示：请不要交钱给任何单位",https://sz.1010jz.com/gongren/a1784895.html
小仓库叠衣服下班结账,290,天,日结,创意盈图科技（深圳）有限公司,05-06,"小仓库叠衣服打包扫码每天要人
禁止转载

联系我时请说明在1010兼职网看到的
联系人：
公司地址：深圳市南山区粤海街道高新区社区高新南七道138号惠恒大楼一期399 [交通地图]
微信：eee9605
提示：请不要交钱给任何单位",https://sz.1010jz.com/gongren/a1784890.html
收音机组装长期日结有床位,310,天,日结,创意盈图科技（深圳）有限公司,05-06,"包吃包住，下班洗手给钱-电子收音机组装包装
禁止转载

联系我时请说明在1010兼职网看到的
联系人：
公司地址：深圳市南山区粤海街道高新区社区高新南七道138号惠恒大楼一期399 [交通地图]
微信：uu5702
提示：请不要交钱给任何单位",https://sz.1010jz.com/gongren/a1784891.html
每天要人不压工资,320,天,日结,创意盈图科技（深圳）有限公司,05-06,"医疗包装一天，每天下班结工资
禁止转载

联系我时请说明在1010兼职网看到的
联系人：
公司地址：深圳市南山区粤海街道高新区社区高新南七道138号惠恒大楼一期399 [交通地图]
微信：uu5702
提示：请不要交钱给任何单位",https://sz.1010jz.com/gongren/a1784894.html
路由器包装，上一天结一天,270,天,日结,创意盈图科技（深圳）有限公司,05-06,"本公司因订单较多，急需多名日结工，男女不限，年龄17－45岁，包吃住，300/天，工作时间10个小时，工作内容主要负责打包，检测不良产品，安装等。上班可以带手机带烟，工作自由，简单，上一天结一天钱
禁止转载

联系我时请说明在1010兼职网看到的
联系人：
公司地址：深圳市南山区粤海街道高新区社区高新南七道138号惠恒大楼一期399 [交通地图]
微信：eee9605
提示：请不要交钱给任何单位",https://sz.1010jz.com/gongren/a1794690.html
主打日结杂单/保安/工厂,255,天,日结,深圳市生和人力资源有限公司,05-06,"更多纯日结单，可+我查看
1、龙华/观澜/沙井/公明体验卡，日结80元现金+100元话费，卡给你自己使用、每张卡有100元话费，联通卡=50元/张，移动卡=30元/张，中午11:00-16:30内办理

2、宝安app拉新  日结120元-200元，30元/小时，基本4-8小时，没做过app充场都可以，，下载各类app软件、注册虚拟卡，不绑卡无风险，18-60岁，时间早9:30-17:00，早9:15前

3、龙华地铁站台保安
办健康证70元满月报销，包吃包住，两班倒8:00-8:00左右，12小时，在老家交养老保险170元/天，没交的有保安证160元/天，无保安证155元/天，加班15元/小时，服装帽子一套140元工资里扣，男18-50岁以内，正式上岗前跟岗3天，每天8小时，跟岗考核不合格的没有跟岗工资（要酱油的不合适）

4、沙井兴英电子  周结
工期2个月起，体检61.5元，18元/小时+包吃住+每周借支500元+两班倒有站有坐，线路板的组装包装测试等，18-45岁，工衣45元，工作满一个月体检费和工衣费报销

5、光明马田特发电子 日结
手机放车间门口柜子，工期2个月起，不体检，17元/小时+包吃住（吃扣5元/天）+长白班有站有坐+3天后每天发150元+产品/组装/包装等，16-40岁

6、石岩科莱昂科技  
工期3个月起，不体检，17元/小时+包吃住（每餐补6.5元吃超工资里扣）+每周借支500元+长白班走动式站班（个别夜班补15元/天）+无人机的组装包装测试等，16-38岁

7、南山南岗注塑厂 
工期2个月起，不体检，20元/小时+包住+每周借支500元+两班倒有站有坐，手机壳组装注塑丝印等，独立岗位，18-45岁

8、南山阳光路由器 日结 
工期3个月起，不体检，17元/小时+包吃住+3天后可每天发150元+长白班有站有坐（个别夜班补1元/小时），路由器组装包装测试等，18-35岁（前三天吃饭自费）

禁止转载

联系我时请说明在1010兼职网看到的
联系人：土火
公司地址：深圳市龙华区富泉大厦B座604 [交通地图]
微信：z256756
提示：请不要交钱给任何单位",https://sz.1010jz.com/qita/a1791970.html
日结小厂,220,天,日结,深圳市荣阳光电科技有限公司,05-06,"沙井福永西乡日结小厂第二天每天结完，第三天每天结完都有
测试要女生：18元/时+压50
普工男女不限
焊锡熟手，男女不限
焊锡熟手：19元/时+压50日结

禁止转载

联系我时请说明在1010兼职网看到的
联系人：企业直聘
公司地址：深圳市宝安区福永 [交通地图]
微信：dyl886789
提示：请不要交钱给任何单位",https://sz.1010jz.com/gongren/a1801064.html
宝安日结工,300,天,日结,深圳市荣阳光电科技有限公司,05-06,"现场发早上9:00，龙华，集合发车去潮汕，上午去，下午回，来回车费全免，中午包吃午餐，下午结束，现场发主要工作配合
男女不限，年龄19～50周岁
禁止转载

联系我时请说明在1010兼职网看到的
联系人：深圳直聘
公司地址：深圳市宝安区福永 [交通地图]
微信：ipp88789
提示：请不要交钱给任何单位",https://sz.1010jz.com/gongren/a1801047.html
转网日结,450,天,日结,深圳市荣阳光电科技有限公司,05-06,"龙华深圳携号转网【日结450元】
/联通/电信-均可转移动，联通，电信
【要求】有深圳卡，使用超3个月。

【工作】把自己的深圳卡转为移动卡（号码不变）
【好处】移动原价套餐打5折，再送话费。
【转为移动】
例子：原价199套餐折后100
（600分钟通话+60G流量）
送400元现金+50元话费
禁止转载

联系我时请说明在1010兼职网看到的
联系人：深圳直聘
公司地址：深圳市宝安区福永 [交通地图]
微信：ipp88789
提示：请不要交钱给任何单位",https://sz.1010jz.com/gongren/a1780061.html
福永沙井松岗石岩西乡工作,260,天,日结,深圳市荣阳光电科技有限公司,05-06,"福永 沙井，松岗，石岩，西乡，临时工，日结工，正式工，包吃包住第二天每天结完，第三天每天发100,150
禁止转载

联系我时请说明在1010兼职网看到的
联系人：深圳直聘
公司地址：深圳市宝安区福永 [交通地图]
微信：dyl886789
提示：请不要交钱给任何单位",https://sz.1010jz.com/gongren/a1796023.html
宝安区龙华区南山区短期工临时工,250,天,日结,深圳市荣阳光电科技有限公司,05-06,"宝安区，龙华区，南山区福永沙井石岩松岗西乡各地区日结临时工包吃住，入职借支，第二天每天结完 第三天每天结完，加微信安排
禁止转载

联系我时请说明在1010兼职网看到的
联系人：深圳直聘
公司地址：深圳市宝安区福永 [交通地图]
微信：dyl886789
提示：请不要交钱给任何单位",https://sz.1010jz.com/gongren/a1796025.html
宝安区日结工临时工,300,天,日结,深圳市荣阳光电科技有限公司,05-06,"2、主要岗位质检、组装、包装等
招工要求:
1、男女不限，学历不限
2、携带好个人身份证原件，个人行李
食宿问题:
1、工厂统一包吃包住或者包住不包吃餐补，全空调宿舍车间
普通工衣，当天安排宿舍，水电平摊，人走账清
2、6-8人间宿舍，冷热水供应
薪资待遇:
1、小时工18-24/小时,包吃住
工资模式有月结，周结，日结，第四天每天发完当天工资，长白班两班倒自行选择
禁止转载

联系我时请说明在1010兼职网看到的
联系人：深圳直聘
公司地址：深圳市宝安区福永 [交通地图]
微信：dyl886789
提示：请不要交钱给任何单位",https://sz.1010jz.com/gongren/a1799330.html
线上协助拉新,150,天,日结,深圳市荣阳光电科技有限公司,05-06,"日结
协助现场办理拉新
男女不限，19-55岁
禁止转载

联系我时请说明在1010兼职网看到的
联系人：深圳直聘
公司地址：深圳市宝安区福永 [交通地图]
微信：ipp88789
提示：请不要交钱给任何单位",https://sz.1010jz.com/gongren/a1800106.html
深圳美团外卖骑手,350,天,日结,深圳市荣阳光电科技有限公司,05-06,"【深圳美团外卖骑手】
0元入职车辆免费提供每天可以预支工资
 
一、美团卖急招外卖骑手800人、男女不限，年龄18-45岁，统一免费体检，无不良嗜好，无犯罪记录，会骑电动车，会用导航，工作经验不限，学历不限

二、工作轻松自由，工资高！工作时间:10:00-21:00，实际有效工作时间7到10个小时。外卖骑手部分站点可0元入职！不用押金，电池部分站点也可以垫付，后期在工资扣！

三、工资待遇：
1、关内站点：7元-9元/单

2、关外站点：6元-7元/单

3、次月开始：话费补贴+社保补贴+高温补贴+宵夜补贴+工龄奖。(刚入职员工都有老骑手带领熟悉路线)，每月20号发工资。

4、公司提供员工宿舍。

四、工作地点：深圳各区！

五、美团装备：（美团衣服，美团餐相，安全帽）费用300多元，可从工资里面扣除，做满一年后全额返还。
禁止转载

联系我时请说明在1010兼职网看到的
联系人：深圳直聘
公司地址：深圳市宝安区福永 [交通地图]
微信：ipp88789
提示：请不要交钱给任何单位",https://sz.1010jz.com/gongren/a1801075.html
宝安区临时工,250,天,日结,深圳市荣阳光电科技有限公司,05-06,"沙井，福永，塘尾，和平，凤凰，白石厦，临时工日结工，第二天每天发完工资，第三天每天发完工资，包吃包住
坐班，空调车间，空调宿舍，车间可以带手机
禁止转载

联系我时请说明在1010兼职网看到的
联系人：深圳直聘
公司地址：深圳市宝安区福永 [交通地图]
微信：ipp88789
提示：请不要交钱给任何单位",https://sz.1010jz.com/gongren/a1801066.html
深圳临时工日结工,230,天,日结,深圳市荣阳光电科技有限公司,05-06,"空调车间，独立岗位为主，普通工衣作业，车间管理不严，可以带香烟和手机，工厂主要生产智能产品配件主要岗位有：组装，SMT，测试，打螺丝，包装，组装，放板，盖面罩，不体检
禁止转载

联系我时请说明在1010兼职网看到的
联系人：深圳直聘
公司地址：深圳市宝安区福永 [交通地图]
微信：dyl886789
提示：请不要交钱给任何单位",https://sz.1010jz.com/gongren/a1799012.html
工厂公园工地写字楼保安轻松,340,天,日结,深圳市汇达劳务派遣有限公司,05-06,"深圳市保安工作，临时保安，日结保安，长期保安，深圳宝安区，龙华区，福田，罗湖，龙岗
160-250日结包吃
禁止转载

联系我时请说明在1010兼职网看到的
联系人：直聘
公司地址：福永 [交通地图]
微信：ipp88789
提示：请不要交钱给任何单位",https://sz.1010jz.com/anbao/a1768000.html
入职借支第三天每天结完,300,天,日结,深圳市汇达劳务派遣有限公司,05-06,"日结工，短期工，长期工，入职借支200，第二天每天结完第三天每天发200，第三天每天发150加我微信包吃包住
禁止转载

联系我时请说明在1010兼职网看到的
联系人：企业直聘
公司地址：福永 [交通地图]
微信：dyl886789
提示：请不要交钱给任何单位",https://sz.1010jz.com/gongren/a1782493.html
体验卡,260,天,日结,深圳市汇达劳务派遣有限公司,05-06,"体验卡冲量
1张30


禁止转载

联系我时请说明在1010兼职网看到的
联系人：企业直聘
公司地址：福永 [交通地图]
微信：dyl886789
提示：请不要交钱给任何单位",https://sz.1010jz.com/gongren/a1801074.html
宝安地铁观澜地铁日结,320,天,日结,深圳市汇达劳务派遣有限公司,05-06,"宝安，龙华，龙岗地铁安检员，安全员
340/天（3天后日结）

上岗满3天后先按170/班、连班340/天发放，包吃住

发薪方式（上岗3天后日结）

地铁口安全检查，地铁上巡逻
男；身高165+、18-45岁
女：155+、18-40岁

时间：早班6:00-15:00、中班15:00-00:00

1、身份证复印件2张
2、拍黑色制服蓝底一寸照，可自行拍照
保险30一个月

禁止转载

联系我时请说明在1010兼职网看到的
联系人：企业直聘
公司地址：福永 [交通地图]
微信：dyl886789
提示：请不要交钱给任何单位",https://sz.1010jz.com/gongren/a1794278.html
宝安沙井福永西乡石岩临时工,240,天,日结,深圳市汇达劳务派遣有限公司,05-06,"深圳日结工，临时工，宝安，沙井，福永，松岗，石岩，西乡临时工，日结工，包吃包住，第三天每天发完工资，第二天每天发完
禁止转载

联系我时请说明在1010兼职网看到的
联系人：深圳直聘
公司地址：福永 [交通地图]
微信：ipp88789
提示：请不要交钱给任何单位",https://sz.1010jz.com/gongren/a1798594.html
日结小厂,230,天,日结,深圳市汇达劳务派遣有限公司,05-06,"沙井福永西乡日结小厂第二天每天结完，第三天每天结完都有
测试要女生：19元/时+压50
普工男女不限
焊锡熟手，男女不限
焊锡熟手：20元/时+压50日结

禁止转载

联系我时请说明在1010兼职网看到的
联系人：企业直聘
公司地址：福永 [交通地图]
微信：dyl886789
提示：请不要交钱给任何单位",https://sz.1010jz.com/gongren/a1801062.html
龙岗日结工,360,天,日结,深圳市汇达劳务派遣有限公司,05-06,"工作日结帮助现场人员
要求：18～48岁，男女不限
工作内容到现场拉新
工资360

禁止转载

联系我时请说明在1010兼职网看到的
联系人：企业直聘
公司地址：福永 [交通地图]
微信：dyl886789
提示：请不要交钱给任何单位",https://sz.1010jz.com/gongren/a1801049.html
临时工日结工包吃住,240,天,日结,深圳市汇达劳务派遣有限公司,05-06,"空调车间，独立岗位为主，普通工衣作业，车间管理不严，可以带香烟和手机，工厂主要生产平板等智能产品配件和显示屏电路板，主要岗位有：组装，SMT，测试，打螺丝，包装，组装，放板，盖面罩，不体检
禁止转载

联系我时请说明在1010兼职网看到的
联系人：深圳直聘
公司地址：福永 [交通地图]
微信：ipp88789
提示：请不要交钱给任何单位",https://sz.1010jz.com/gongren/a1798966.html
龙华日结,220,天,日结,深圳市汇达劳务派遣有限公司,05-06," 龙华 现场秒结共计210元左右

1：辅助认证50元，五分钟现场秒结。
对自己号没有任何影响！
能正常直播没有违规，没有做过类似认证的
绑定的号码能接收才可以！

2：挂直播100元/天
能正常直播没有违规，没有被封号的

3：线下辅助
一个人名下可以做两个账号，做一个30，两个六十
工资:60元，五分钟现场秒结。
禁止转载

联系我时请说明在1010兼职网看到的
联系人：企业直聘
公司地址：福永 [交通地图]
微信：dyl886789
提示：请不要交钱给任何单位",https://sz.1010jz.com/gongren/a1801103.html
福永沙井日结工资,230,天,日结,深圳市汇达劳务派遣有限公司,05-06,"沙井，福永，塘尾，和平，凤凰，白石厦，临时工日结工，第二天每天发完工资，第三天每天发完工资，包吃包住
坐班，空调车间，空调宿舍，车间可以带手机
禁止转载

联系我时请说明在1010兼职网看到的
联系人：深圳直聘
公司地址：福永 [交通地图]
微信：dyl886789
提示：请不要交钱给任何单位",https://sz.1010jz.com/gongren/a1798970.html
简单轻松  深圳展会收名片 2天兼职,170,天,完工结,上海锐豪实业有限公司,05-06,"2天兼职   【工作时间】5月15号16号两天，9：00-17:00
【工作薪资】收集观众170/天，150元/天， 完工结算
【工作内容】一天收集观众名片60张，一天收集展商名片350张
【工作地址】深圳国际会展中心（宝安新馆），
【岗位要求】男女不限，16-45周岁，服从管理
禁止转载

联系我时请说明在1010兼职网看到的
联系人：陈女士
公司地址：上海市奉贤区青村镇钱桥路756号2743室 [交通地图]
手机：153 1778 ****点击查看完整电话
微信：15317785802
提示：请不要交钱给任何单位",https://sz.1010jz.com/qita/a1800117.html
龙华长白班小时工,200,天,日结,深圳市新众包科技有限公司,05-06,"招～长白班临时工(龙华)
需求：3名(成品仓/材料仓）
要求：男生，手脚灵活，有仓库经验即可
上班：朝9晚10
工期：2个月/稳定也可以做长期
地址：龙华，共联都市智谷
工价：20/H(月结)，日结19/H(压一天)
禁止转载

联系我时请说明在1010兼职网看到的
联系人：韩先生
公司地址：龙岗区荣德大厦3209 [交通地图]
手机：173 0195 ****点击查看完整电话
微信：17301950076
提示：请不要交钱给任何单位",https://sz.1010jz.com/gongren/a1799391.html
龙华临时工,200,天,日结,深圳市新众包科技有限公司,05-06,"招～长白班临时工(龙华)
需求：3名(成品仓/材料仓）
要求：男生，手脚灵活，有仓库经验即可
上班：朝9晚10
工期：2个月/稳定也可以做长期
地址：龙华，共联都市智谷
工价：20/H(月结)，日结19/H(压一天)

禁止转载

联系我时请说明在1010兼职网看到的
联系人：小碗
公司地址：龙岗区荣德大厦3209 [交通地图]
手机：173 0195 ****点击查看完整电话
微信：17301950076
提示：请不要交钱给任何单位",https://sz.1010jz.com/gongren/a1801107.html
日结，不过安检，能带手机,260,天,日结,深圳市华诚劳务派遣有限公司,05-06,"提供吃住住宿环境好，空调洗衣机热水器，23/小时可日结入职即可借支独立岗位 不穿工衣不过安检门坐班八点到八点 自愿加班
18-45岁无明显纹身和案底身份证原件
禁止转载

联系我时请说明在1010兼职网看到的
联系人：零女士
公司地址：龙华油松街道 [交通地图]
手机：186 9796 ****点击查看完整电话
微信：yss-forward6
提示：请不要交钱给任何单位",https://sz.1010jz.com/jiazheng/a1800247.html
纯日结单 自选,220,天,日结,深圳市生和人力资源有限公司,05-06,"宝安app拉新  日结120元-200元，30元/小时，基本4-8小时，没做过app充场都可以，，下载各类app软件、不绑卡无风险，18-60岁，时间早9:30-17:00，早9:15前到
禁止转载

联系我时请说明在1010兼职网看到的
联系人：
公司地址：深圳市龙华区富泉大厦B座604 [交通地图]
微信：z256756
提示：请不要交钱给任何单位",https://sz.1010jz.com/qita/a1801133.html
（日结）体验卡 龙华/观澜/松岗,210,天,日结,深圳市生和人力资源有限公司,05-06,"更多纯日结杂单 可+我查看

1、观澜/松岗移动卡 日结40-160元，40元/张，办4张160元，卡自己用，是流量卡，不用自己剪掉，卡里有100元话费+移动39元套餐+135G流量，中午12:00-16:00内办理

2、龙华联通卡 日结50元/张
卡自己用，有100元元话费，不用的自己把卡剪掉即可，办理时间：中午11:00-15:00内办理
禁止转载

联系我时请说明在1010兼职网看到的
联系人：
公司地址：深圳市龙华区富泉大厦B座604 [交通地图]
微信：z256756
提示：请不要交钱给任何单位",https://sz.1010jz.com/qita/a1801042.html
龙华 纯日结单,200,天,日结,深圳市生和人力资源有限公司,05-06,"观澜/沙井联通卡 日结50元+100话费，卡给你自己使用，联通卡50元/张，卡里有100元话费，38元套餐220G流量，不用的可以剪掉，中午11:00-16:30内办理

禁止转载

联系我时请说明在1010兼职网看到的
联系人：
公司地址：深圳市龙华区富泉大厦B座604 [交通地图]
微信：z256756
提示：请不要交钱给任何单位",https://sz.1010jz.com/qita/a1801132.html
日结 体验卡-观澜/松岗,150,天,日结,深圳市生和人力资源有限公司,05-06,"更多纯日结杂单，可+我V

龙华/松岗/沙井联通卡 
日结40-50现金+100话费

卡自己留着用，不用的可以自己剪掉

龙华联通卡=50元/张
松岗/沙井联通=40元/张

不得出租转卖给别人，否则后果自负！！

以下情况不能办理
1、一个月前办理过移动卡，移动黑名单、联通黑名单
2、总卡不超过10张可办理、联通卡不超过5张

办理时间：11:00-16:30内，带身份证
禁止转载

联系我时请说明在1010兼职网看到的
联系人：
公司地址：深圳市龙华区富泉大厦B座604 [交通地图]
微信：z256756
提示：请不要交钱给任何单位",https://sz.1010jz.com/qita/a1801086.html
福永显示屏日结,260,天,日结,深圳市信诚劳务派遣有限公司,05-06,"全检岗位  Qs  测试岗位
禁止转载

联系我时请说明在1010兼职网看到的
联系人：
公司地址：广东省东莞市南城街道太路南城段15号 [交通地图]
手机：151 1248 ****点击查看完整电话
微信：zxcv8090qwe
提示：请不要交钱给任何单位",https://sz.1010jz.com/gongren/a1800838.html
福永电子厂日结,200,天,日结,深圳市信诚劳务派遣有限公司,05-06,"Qs. 全检岗位  测试岗位
禁止转载

联系我时请说明在1010兼职网看到的
联系人：
公司地址：广东省东莞市南城街道太路南城段15号 [交通地图]
手机：151 1248 ****点击查看完整电话
微信：zxcv8090qwe
提示：请不要交钱给任何单位",https://sz.1010jz.com/xiaoyuan/a1800837.html
塘尾电子厂日结,260,天,次日结,深圳市信诚劳务派遣有限公司,05-06,"组装包装 测试全检岗位
禁止转载

联系我时请说明在1010兼职网看到的
联系人：张生
公司地址：广东省东莞市南城街道太路南城段15号 [交通地图]
手机：151 1248 ****点击查看完整电话
微信：zxcv8090qwe
提示：请不要交钱给任何单位",https://sz.1010jz.com/xiaoyuan/a1800835.html
塘尾和平电子厂日结,260,天,日结,深圳市信诚劳务派遣有限公司,05-06,"组装包装 检测 全检岗位
禁止转载

联系我时请说明在1010兼职网看到的
联系人：
公司地址：广东省东莞市南城街道太路南城段15号 [交通地图]
手机：151 1248 ****点击查看完整电话
微信：zxcv8090qwe
提示：请不要交钱给任何单位",https://sz.1010jz.com/gongren/a1800839.html
福永电子厂日结,200,天,月结,深圳市信诚劳务派遣有限公司,05-06,"独立岗位  组装 包装 检测 APQS
禁止转载

联系我时请说明在1010兼职网看到的
联系人：张生
公司地址：广东省东莞市南城街道太路南城段15号 [交通地图]
手机：151 1248 ****点击查看完整电话
微信：zxcv8090qwe
提示：请不要交钱给任何单位",https://sz.1010jz.com/gongren/a1800747.html
沙井地铁站电子厂日薪,面议,,,深圳市信诚劳务派遣有限公司,05-06,无法获取职位详情,https://sz.1010jz.com/gongren/a1800836.html
福永电子厂日结,260,月,日结,深圳市信诚劳务派遣有限公司,05-06,"独立岗位  组装 包装  打螺丝  检测
禁止转载

联系我时请说明在1010兼职网看到的
联系人：张生
公司地址：广东省东莞市南城街道太路南城段15号 [交通地图]
手机：151 1245 ****点击查看完整电话
微信：zxcv8090qwe
提示：请不要交钱给任何单位",https://sz.1010jz.com/gongren/a1800748.html
福永大洋田日结,240,天,日结,深圳市信诚劳务派遣有限公司,05-06,"组装包装盒   全检岗位
禁止转载

联系我时请说明在1010兼职网看到的
联系人：
公司地址：广东省东莞市南城街道太路南城段15号 [交通地图]
手机：151 1248 ****点击查看完整电话
微信：zxcv8090qwe
提示：请不要交钱给任何单位",https://sz.1010jz.com/gongren/a1800840.html
纯日结单+工厂单+保安单,277,小时,日结,深圳市生和人力资源有限公司,05-06,"更多纯日结单，可+我查看
1、龙华/观澜/沙井/公明 体验卡，日结80元现金+200元话费，卡给你自己使用、卡有100元话费，联通卡=50元/张，移动卡=30元/张，中午11:00-16:30内办理

2、宝安app拉新  日结120元-200元，30元/小时，基本4-8小时，没做过app充场都可以，，下载各类app软件、注册虚拟卡，不绑卡无风险，18-60岁，时间早9:30-17:00，早9:15前

3、龙华地铁站台保安
办健康证70元满月报销，包吃包住，两班倒8:00-8:00左右，12小时，在老家交养老保险170元/天，没交的有保安证160元/天，无保安证155元/天，加班15元/小时，服装帽子一套140元工资里扣，男18-50岁以内，正式上岗前跟岗3天，每天8小时，跟岗考核不合格的没有跟岗工资（要酱油的不合适）

4、沙井兴英电子  周结
工期2个月起，体检61.5元，18元/小时+包吃住+每周借支500元+两班倒有站有坐，线路板的组装包装测试等，18-45岁，工衣45元，工作满一个月体检费和工衣费报销

5、光明马田特发电子 日结
手机放车间门口柜子，工期2个月起，不体检，17元/小时+包吃住（吃扣5元/天）+长白班有站有坐+3天后每天发150元+产品/组装/包装等，16-40岁

6、石岩科莱昂科技  
工期3个月起，不体检，17元/小时+包吃住（每餐补6.5元吃超工资里扣）+每周借支500元+长白班走动式站班（个别夜班补15元/天）+无人机的组装包装测试等，16-38岁

7、南山南岗注塑厂 
工期2个月起，不体检，20元/小时+包住+每周借支500元+两班倒有站有坐，手机壳组装注塑丝印等，独立岗位，18-45岁

8、南山阳光路由器 日结 
工期3个月起，不体检，17元/小时+包吃住+3天后可每天发150元+长白班有站有坐（个别夜班补1元/小时），路由器组装包装测试等，18-35岁（前三天吃饭自费）

禁止转载

联系我时请说明在1010兼职网看到的
联系人：
公司地址：深圳市龙华区富泉大厦B座604 [交通地图]
微信：z256756
提示：请不要交钱给任何单位",https://sz.1010jz.com/gongren/a1801119.html
龙华/宝安/西乡教育机构大量招日结地推,240,天,日结,深圳市聚佳企业管理有限公司,05-06,"单1：龙华/西乡/宝安课外辅导机构招日结推广，工资：无责任110+提成40/单（卖1单29.9的小课包提成40，2单80提成以此类推）有固定摆点位置，有礼品赠送给家长，周围有大型超市学校地铁口人流量大。
要求：性格外向开朗，积极主动，男女不限，要有销售地推类似经验，打酱油的勿扰，工资多劳多得，工资基本都是240以上一天
时间：15:00-21:00，报名加微信备注教育机构
禁止转载

联系我时请说明在1010兼职网看到的
联系人：
公司地址：深圳市宝安区西乡街道固戊社区红湾商务中心E座E502 [交通地图]
微信：cxc81811
提示：请不要交钱给任何单位",https://sz.1010jz.com/qita/a1798535.html
民治德邦/顺丰快递日结大量要人,230,天,日结,深圳市聚佳企业管理有限公司,05-06,"单1：龙华民治德邦快递夜班日结
招聘要求:18-52 岁，只要男孩子。
工作内容：分拣，打包，扫描
工资：230/天，按天算，下班日结，自选班次，休息吃饭不扣工时。
时间1：18:00-6:00
时间2：20:00-8:00


单2：南山/五和顺丰快递日结20/小时，天天日结大量要人，加微信备注快递日结




禁止转载

联系我时请说明在1010兼职网看到的
联系人：
公司地址：深圳市宝安区西乡街道固戊社区红湾商务中心E座E502 [交通地图]
微信：cxc81811
提示：请不要交钱给任何单位",https://sz.1010jz.com/qita/a1793999.html
体验卡日结兼职,150,天,日结,深圳市聚佳企业管理有限公司,05-06,"现场秒结150，龙华/福永体验卡充量日结，免费领取体验卡充数量兼职，1个小时结束，不用排队，男女不限，名额有限，先报先得，每个月可以免费领一次。
30元/张，可领5张工资150元
虚拟体验卡充业绩数量，天天大量要人报名加微信备注体验卡
禁止转载

联系我时请说明在1010兼职网看到的
联系人：陈小姐
公司地址：深圳市宝安区西乡街道固戊社区红湾商务中心E座E502 [交通地图]
微信：cxc81811
提示：请不要交钱给任何单位",https://sz.1010jz.com/qita/a1791965.html
各区工厂快递日结兼职，就近安排,200,天,日结,深圳市聚佳企业管理有限公司,05-06,"单1：龙华工厂白班每天日结180，天天要
【白班】8：30-20：30
【费用】18/小时10小时，工资180元
【年龄】男女 不限，18-42岁
【工作】坐班贴标，打包试剂盒


单2：观澜章阁工厂白夜班日结，
16-42岁男女不限.坐班酱油活
白夜班17一个小时，夜班+8元补贴
天天要人，每天日结


单3：福永工厂白班曰结，天天大量要人
18/小时，工期8天以上，1天后每天下班曰结，也可以直接一天日结17/小时，
报名备注一天日结还是8天以上的
【年龄】只要男生 18-47岁
【时间】8:30-19点
【工作】包装，贴标签，打包，无装卸，每周日固定休息，附近有床位13～14元/天
【地点】盛和兴工业园（褔海西站附近）

前海保税区电商日结20元
坂田中通日结17/小时包餐
公明/布吉快递18/ 小时日结
福永电商日结17/小时日结包吃
福永电子厂日结18/小时
福永京东快递日结19/小时
松岗申通快递日结21/小时
南山顺丰快递日结20/小时
报名加下面微信备注天天日结
禁止转载

联系我时请说明在1010兼职网看到的
联系人：陈小姐
公司地址：深圳市宝安区西乡街道固戊社区红湾商务中心E座E502 [交通地图]
微信：cxc81811
提示：请不要交钱给任何单位",https://sz.1010jz.com/jiazheng/a1788818.html
龙华/福永抖音日结兼职,150,天,日结,深圳市聚佳企业管理有限公司,05-06,"龙华/福永抖音日结兼职150

正常直播，只用于直播教学，手工活制作做。不影响个人正常使用。

工资150元，现场秒结，男女不限

要求：可以正常直播，没被封过。

报名加微信备注抖音兼职。
禁止转载

联系我时请说明在1010兼职网看到的
联系人：
公司地址：深圳市宝安区西乡街道固戊社区红湾商务中心E座E502 [交通地图]
微信：cxc81811
提示：请不要交钱给任何单位",https://sz.1010jz.com/qita/a1794078.html
充场拉新兼职日结,210,天,日结,深圳市聚佳企业管理有限公司,05-06,"办公室手机操作拉新软件体验，增加活跃度充场，每天大量要人
【内容】 现场软件体验，问卷调查，工作轻松简单，办公室室内工作。
【年龄】18-45岁，男女不限
【时间】9:30集合
【薪资】30元/小时，每天工作7-8个小时，工资做完现场结
【工作地点】翻身/西乡/观澜/龙岗
【要求】需带身份证，服从安排，报名加微信备注兼职日结
禁止转载

联系我时请说明在1010兼职网看到的
联系人：
公司地址：深圳市宝安区西乡街道固戊社区红湾商务中心E座E502 [交通地图]
微信：cxc81811
提示：请不要交钱给任何单位",https://sz.1010jz.com/qita/a1794376.html
坂田附近快递日结大量要人,240,天,日结,深圳市聚佳企业管理有限公司,05-06,"单1：坂田顺丰夜班日结快递，大量要人
日结20元/小时，工资下班日结
岗位要求：限男18-50岁，带身份证到，工作轻松简单分拣扫码贴标签。
上班时间：19:00-7:00名额有限，先报先得，报名加微信备注顺丰日结


单2：坂田韵达快递夜班日结216元
要求：18-45岁。男女不限
18元/小时（18:00-6:00）
提前半个小时集合
岗位:分拣，打包，扫描，做事轻松
不能穿拖鞋凉鞋！接受纹身。
带上身份证，要做满一天中途退出无薪！服从安排。
下班签字拍照考勤结算工资，报名加微信备注韵达快递。


单3：龙华白班工厂（长期日结）可以天天报名过来做
【地点】龙华
【白班】8：30-20：30
【费用】18/小时.
【年龄】男女 不限.18-42岁
【工作】坐着上班，工作轻松简单，天天下班日结长期稳定，长白班，不用上夜班，大量要人，提前报名，先报先得，
报名加微信备注白班日结。



禁止转载

联系我时请说明在1010兼职网看到的
联系人：
公司地址：深圳市宝安区西乡街道固戊社区红湾商务中心E座E502 [交通地图]
微信：cxc81811
提示：请不要交钱给任何单位",https://sz.1010jz.com/jiazheng/a1798280.html
盐田活动协助日结兼职,150,天,日结,深圳市聚佳企业管理有限公司,05-06,"盐田活动兼职日结，男女不限，要求：年龄满18以上，穿着整洁干净，形象良好，时间大概2个多小时，工作轻松简单协助现场维持秩序派发礼品，不需要销售经验，做完工资150现场结。
报名加微信备注盐田兼职。
禁止转载

联系我时请说明在1010兼职网看到的
联系人：
公司地址：深圳市宝安区西乡街道固戊社区红湾商务中心E座E502 [交通地图]
微信：cxc81811
提示：请不要交钱给任何单位，谨防：会员卡费、押金、保证金",https://sz.1010jz.com/paifa/a1800672.html
5月6号龙华观澜日结跟车送菜，晚班，晚上,180,天,日结,深圳市百邦劳务派遣有限公司,05-06,"5月6号龙华观澜日结跟车送菜，晚班，晚上 11 点开始上班，主要是分菜、称菜、搬菜、削皮、厨房砍鸡，砍排骨等，生手可以学。跨度9~11 小时左右，中间有休息，不是一直干。般早上8 点半左右干完活，然后在等车回去。干活时间不长，就坐车时间长一点，车上可以睡觉、打游戏。

要求:18-48岁，无染发，无案底，穿短袖需看不到纹身。准备身份证复印件一张，有本人收款方式。

日结，包吃住，180 一天。压3天，第4天开始日结，不做了提前7天申请，可以一直做。

注意:
1、住宿水电费8元一天，保险2元一天;
2、领失业救济金的不要报名!需依法申报个税!

接人时间:今天下午3点半到
禁止转载

联系我时请说明在1010兼职网看到的
联系人：
公司地址：深圳市宝安区西乡街道广深公路西侧万骏汇合商务公寓1栋928 [交通地图]
手机：198 7628 ****点击查看完整电话
微信：19876284417
提示：请不要交钱给任何单位",https://sz.1010jz.com/jiazheng/a1801134.html
东莞塘厦产业园男保安20人,180,天,周结,深圳市百邦劳务派遣有限公司,05-06,":5月5号东莞塘厦产业园男保安20人，年龄18一45岁，净身高男1.70米以上，12小时包住不包吃，工资180元/天（压3天周结，可以借支），正式工5000元/月（休4天），

必须有保安证，高中毕业证，无犯罪记录证明，体检表（3个月内），必须做满3个月，没有做满扣3天工资。只要有保安证，
没有无犯罪记录:符合身高，有多少人要多少人

没有保安证的:::::身高172以上的:18-30男:
禁止转载

联系我时请说明在1010兼职网看到的
联系人：
公司地址：深圳市宝安区西乡街道广深公路西侧万骏汇合商务公寓1栋928 [交通地图]
手机：198 7628 ****点击查看完整电话
微信：19876284417
提示：请不要交钱给任何单位",https://sz.1010jz.com/anbao/a1800964.html
日结今晚龙岗大康极兔快递日结,16,小时,日结,深圳市百邦劳务派遣有限公司,05-06,"今晚龙岗大康极兔快递日结
16～45 岁，男   
[不包吃住:16块钱一个小时
一、【公司简介】主要工作内容：分拣、打包、扫码。没有装卸，可以带手机，必须服从主管安排，上班中途跑路没有工资，只要是个人愿意干活的我都要。

[
[当天结算完工资，下班就催的不要来保险 4 元/天员工自行承担，发工资时扣！
[只支持空降，19点 开始接人
禁止转载

联系我时请说明在1010兼职网看到的
联系人：
公司地址：深圳市宝安区西乡街道广深公路西侧万骏汇合商务公寓1栋928 [交通地图]
手机：198 7628 ****点击查看完整电话
微信：19876284417
提示：请不要交钱给任何单位",https://sz.1010jz.com/gongren/a1800986.html
纯日结 压三天工资后 每天下班发100,18,小时,日结,深圳市百邦劳务派遣有限公司,05-06,"大量招聘 纯日结 需求100人 长白班 包吃包住 男女不限 住宿免费 水电平摊
纯日结 压三天工资后 每天下班发100-150元 剩余工资发薪日结清
5月4号公明马田特发电子

纯17元/时+长白班+包吃包住+普工+日结150元

纯18元/时+长白班+包吃包住+焊锡熟手+日结150元
┈━═┈━═┈━═┈┈☆
 产品 没有包棉岗位
          分体式工衣

坐班 包吃包住 不用体检）工作服分体式工衣
男女需求：男女不限
工作岗位：组装，包装
体检：不用体检；
年龄要求：16-40岁

包吃2餐/包吃包住/水电平摊

工期2个月 也可以长期做 不满工期离职扣300元违约金

温馨提示：
#接人时间：13：00-13：30
准备资料：身份证原件、复印件2张、一寸照2张
禁止转载

联系我时请说明在1010兼职网看到的
联系人：
公司地址：深圳市宝安区西乡街道广深公路西侧万骏汇合商务公寓1栋928 [交通地图]
手机：198 7628 ****点击查看完整电话
微信：19876284417
提示：请不要交钱给任何单位",https://sz.1010jz.com/gongren/a1801127.html
5月6号佛山顺德物业保安 周结,170,天,周结,深圳市百邦劳务派遣有限公司,05-06,"5月6号佛山顺德物业保安 周结
170元/天，每周五结上周工资
要求：男 173以上，18-44岁
体重120-170斤:
五官端正、身体健康、形象较好、无纹身、无刑事犯罪记录；不戴眼镜
福利待遇：不用体检，不用保安证

1、170元/天，每周五结上周工资
2、包住不包吃，水电均摊；

4、工作时长12小时，可接受白班、夜班调配
5、表现好可晋升班长、队长
补充：
1、物业岗位
2、上班着西服，须自备一双黑皮鞋。
4. 工期30天起，可长期做，不满按150发

10点～4点之前过来:自己坐车过来
面试合格::马上安排住宿
禁止转载

联系我时请说明在1010兼职网看到的
联系人：
公司地址：深圳市宝安区西乡街道广深公路西侧万骏汇合商务公寓1栋928 [交通地图]
手机：198 7628 ****点击查看完整电话
微信：19876284417
提示：请不要交钱给任何单位",https://sz.1010jz.com/anbao/a1801131.html
自选 日结杂单/保安/工厂都有,257,天,日结,深圳市生和人力资源有限公司,05-06,"更多纯日结单，可+我查看
1、龙华/沙井联通卡，日结80元现金+200元话费，卡给你自己使用、卡有100元话费，联通卡=50元/张，移动卡=30元/张，中午11:00-16:30内办理

2、宝安app拉新  日结120元-200元，30元/小时，基本4-8小时，没做过app充场都可以，，下载各类app软件、注册虚拟卡，不绑卡无风险，18-60岁，时间早9:30-17:00，早9:15前

3、龙华地铁站台保安
办健康证70元满月报销，包吃包住，两班倒8:00-8:00左右，12小时，在老家交养老保险170元/天，没交的有保安证160元/天，无保安证155元/天，加班15元/小时，服装帽子一套140元工资里扣，男18-50岁以内，正式上岗前跟岗3天，每天8小时，跟岗考核不合格的没有跟岗工资（要酱油的不合适）

4、沙井兴英电子  周结
工期2个月起，体检61.5元，18元/小时+包吃住+每周借支500元+两班倒有站有坐，线路板的组装包装测试等，18-45岁，工衣45元，工作满一个月体检费和工衣费报销

5、光明马田特发电子 日结
手机放车间门口柜子，工期2个月起，不体检，17元/小时+包吃住（吃扣5元/天）+长白班有站有坐+3天后每天发150元+产品/组装/包装等，16-40岁

6、石岩科莱昂科技  
工期3个月起，不体检，17元/小时+包吃住（每餐补6.5元吃超工资里扣）+每周借支500元+长白班走动式站班（个别夜班补15元/天）+无人机的组装包装测试等，16-38岁

7、南山南岗注塑厂 
工期2个月起，不体检，20元/小时+包住+每周借支500元+两班倒有站有坐，手机壳组装注塑丝印等，独立岗位，18-45岁

8、南山阳光路由器 日结 
工期3个月起，不体检，17元/小时+包吃住+3天后可每天发150元+长白班有站有坐（个别夜班补1元/小时），路由器组装包装测试等，18-35岁（前三天吃饭自费）

禁止转载

联系我时请说明在1010兼职网看到的
联系人：
公司地址：深圳市龙华区富泉大厦B座604 [交通地图]
微信：z256756
提示：请不要交钱给任何单位",https://sz.1010jz.com/gongren/a1800989.html
龙华/沙井/松岗 体验卡 纯日结,150,天,日结,深圳市生和人力资源有限公司,05-06,"更多纯日结杂单-可+我查看

龙华/松岗/体验卡 日结50-100元
龙华日结50元+100话费
松岗日结100元

卡自己留着用，不用的可以自己剪掉

不得出租转卖给别人，否则后果自负！！

以下情况不能办理
1、一个月前办理过移动卡，移动黑名单、联通黑名单
2、总卡不超过10张可办理、联通卡不超过5张

办理时间：11:00-16:30内，带身份证
禁止转载

联系我时请说明在1010兼职网看到的
联系人：张
公司地址：深圳市龙华区富泉大厦B座604 [交通地图]
微信：z256756
提示：请不要交钱给任何单位",https://sz.1010jz.com/qita/a1799926.html
龙华兼职日结,150,天,日结,深圳市生和人力资源有限公司,05-06,"龙华斗音兼职，日结150元
斗音拉新
禁止转载

联系我时请说明在1010兼职网看到的
联系人：张
公司地址：深圳市龙华区富泉大厦B座604 [交通地图]
微信：z256756
提示：请不要交钱给任何单位",https://sz.1010jz.com/qita/a1800639.html
松岗大田洋，日结，包吃,204,天,日结,深圳市罗湖区嘉湖信息服务部,05-06,"松岗大田洋，日结，包吃
17块每小时，压二天每天结清工资
男女不限16-45两班倒，长白班
个人岗位，可带手机，香烟，包吃提供住
加班稳定，做事简单，管理不严格
禁止转载

联系我时请说明在1010兼职网看到的
联系人：158146
公司地址：深圳市罗湖区翠竹街道翠岭社区翠竹路1050号高标大厦821 [交通地图]
手机：158 1468 ****点击查看完整电话
微信：15814688171
提示：请不要交钱给任何单位",https://sz.1010jz.com/gongren/a1801117.html
松岗大田洋，日结，下班结账,200,天,日结,深圳市罗湖区嘉湖信息服务部,05-06,"松岗大田洋，日结，下班结账
白班18块每小时，夜班19块每小时
压四天每天结清工资，包住不包吃
男女不限16-45岁，女的可长白班
个人岗位，手工活，可带手机的
禁止转载

联系我时请说明在1010兼职网看到的
联系人：黄生
公司地址：深圳市罗湖区翠竹街道翠岭社区翠竹路1050号高标大厦821 [交通地图]
手机：158 1468 ****点击查看完整电话
微信：15814688171
提示：请不要交钱给任何单位",https://sz.1010jz.com/gongren/a1800704.html
公明马山头，日结，下班结账,204,天,日结,深圳市罗湖区嘉湖信息服务部,05-06,"公明马山头，日结，下班结账
17块每小时，做一天也可以
男女不限16-45岁，不包吃住
做事简单，长白班，坐班
禁止转载

联系我时请说明在1010兼职网看到的
联系人：
公司地址：深圳市罗湖区翠竹街道翠岭社区翠竹路1050号高标大厦821 [交通地图]
手机：158 1468 ****点击查看完整电话
提示：请不要交钱给任何单位",https://sz.1010jz.com/gongren/a1800706.html
松岗大田洋，日结,209,天,日结,深圳市罗湖区嘉湖信息服务部,05-06,"松岗大田洋，日结，包住
白班19块每小时，夜班20块每小时
压三后每天日结150，普通工衣
个人岗位，手工活，不是流水线
男女不限16-45女的长白班，坐班
禁止转载

联系我时请说明在1010兼职网看到的
联系人：黄生
公司地址：深圳市罗湖区翠竹街道翠岭社区翠竹路1050号高标大厦821 [交通地图]
手机：158 1468 ****点击查看完整电话
微信：15814688171
提示：请不要交钱给任何单位",https://sz.1010jz.com/gongren/a1800714.html
松岗大田洋，压一周结清工资.包吃住,209,天,日结,深圳市罗湖区嘉湖信息服务部,05-06,"松岗桃花源，呀一周每周结清或周结800
19块每小时，男女不限16-45坐班
手工活，可带手机，加班稳定的
个人岗位，手工活，纯包吃的
禁止转载

联系我时请说明在1010兼职网看到的
联系人：
公司地址：深圳市罗湖区翠竹街道翠岭社区翠竹路1050号高标大厦821 [交通地图]
手机：158 1468 ****点击查看完整电话
微信：15814688171
提示：请不要交钱给任何单位",https://sz.1010jz.com/gongren/a1800709.html
松岗大田洋，周结包吃住,216,天,周结,深圳市罗湖区嘉湖信息服务部,05-06,"松岗大田洋，周结1000包吃包住
男女不限16-45长白班，纯包吃的
可带手机，普通工衣，加班多，做事简单
美女多，加班稳定，男女不限
禁止转载

联系我时请说明在1010兼职网看到的
联系人：
公司地址：深圳市罗湖区翠竹街道翠岭社区翠竹路1050号高标大厦821 [交通地图]
手机：158 1468 ****点击查看完整电话
微信：15814688171
提示：请不要交钱给任何单位",https://sz.1010jz.com/gongren/a1800742.html
松岗大田洋，日结，日结,220,天,日结,深圳市罗湖区嘉湖信息服务部,05-06,"松岗潭头，日结，压24小时每天结清
19块每小时，男女不限16-45长白班
可带手机，加班稳定，包住不包吃
宿舍，食堂都在厂区内，加班多
禁止转载

联系我时请说明在1010兼职网看到的
联系人：
公司地址：深圳市罗湖区翠竹街道翠岭社区翠竹路1050号高标大厦821 [交通地图]
手机：158 1468 ****点击查看完整电话
微信：15814688171
提示：请不要交钱给任何单位",https://sz.1010jz.com/gongren/a1800703.html
龙华招聘长白班小时工,200,天,日结,深圳市新众包科技有限公司,05-06,"招～长白班临时工(龙华)
需求：3名(成品仓/材料仓）
要求：男生，手脚灵活，有仓库经验即可
上班：朝9晚10
工期：2个月/稳定也可以做长期
地址：龙华，共联都市智谷
工价：20/H(月结)，日结19/H(压一天)

禁止转载

联系我时请说明在1010兼职网看到的
联系人：韩先生
公司地址：龙岗区荣德大厦3209 [交通地图]
手机：173 0195 ****点击查看完整电话
微信：17301950076
提示：请不要交钱给任何单位",https://sz.1010jz.com/gongren/a1798377.html
招聘仓库小时工,200,天,日结,深圳市新众包科技有限公司,05-06,"招～长白班临时工(龙华)
需求：3名(成品仓/材料仓）
要求：男生，手脚灵活，有仓库经验即可
上班：朝9晚10
工期：2个月/稳定也可以做长期
地址：龙华，共联都市智谷
工价：20/H(月结)，日结19/H(压一天)

禁止转载

联系我时请说明在1010兼职网看到的
联系人：韩先生
公司地址：龙岗区荣德大厦3209 [交通地图]
手机：173 0195 ****点击查看完整电话
微信：17301950076
提示：请不要交钱给任何单位",https://sz.1010jz.com/gongren/a1798389.html
龙华三天后日结工资提供住宿,300,天,日结,深圳市华诚劳务派遣有限公司,05-06,"龙华小时工
工价26元/小时
工作内容：（电子产品，蓝牙耳机打包，组装，扫描 贴标签）接受无经验，小白，简单轻松，易上手

工作要求：年龄18-45岁，本人有效身份证，无案底，无明显纹身

工作时间：8-7点，中间休息一个小时 加班自由

薪资福利：26块钱/小时，一天10-12小时，纯300天，上班3天后每天下班日结，吃住都提供（住宿人员可以带齐行李物品，当天直接安排住宿！）
禁止转载

联系我时请说明在1010兼职网看到的
联系人：零女士
公司地址：龙华油松街道 [交通地图]
手机：186 9796 ****点击查看完整电话
微信：18697962001
提示：请不要交钱给任何单位",https://sz.1010jz.com/jiazheng/a1799557.html
短期临时工（可日结）,260,天,日结,深圳市华诚劳务派遣有限公司,05-06,"龙华小时工
工价25元/小时
工作内容：（电子产品，蓝牙耳机打包，组装，扫描 贴标签）接受无经验，小白，简单轻松，易上手

工作要求：年龄18-45岁，本人有效身份证，无案底，无明显纹身

工作时间：8-7点，中间休息一个小时 加班自由

薪资福利：25块钱/小时，一天10-12小时，纯300天，上班3天后每天下班日结，吃住都提供（住宿人员可以带齐行李物品，当天直接安排住宿！）
禁止转载

联系我时请说明在1010兼职网看到的
联系人：零女士
公司地址：龙华油松街道 [交通地图]
手机：186 9796 ****点击查看完整电话
微信：18697962001
提示：请不要交钱给任何单位",https://sz.1010jz.com/gongren/a1800361.html
横岗长白班小时工,200,天,日结,深圳市新众包科技有限公司,05-06,"招～长白班小时工
地点：横岗六约
工期：1个月或更长
年龄：25~35岁，男女不限
岗位：装配机壳类的线路
要求：做事要细心，性格乖巧
待遇： 可包午餐，18/小时
禁止转载

联系我时请说明在1010兼职网看到的
联系人：小碗
公司地址：龙岗区荣德大厦3209 [交通地图]
手机：173 0195 ****点击查看完整电话
微信：17301950076
提示：请不要交钱给任何单位",https://sz.1010jz.com/gongren/a1801105.html
横岗六约临时工,200,天,日结,深圳市新众包科技有限公司,05-06,"招～长白班小时工
地点：横岗六约
工期：1个月或更长
年龄：25~35岁，男女不限
岗位：装配机壳类的线路
要求：做事要细心，性格乖巧
待遇： 可包午餐，18/小时

禁止转载

联系我时请说明在1010兼职网看到的
联系人：小碗
公司地址：龙岗区荣德大厦3209 [交通地图]
手机：173 0195 ****点击查看完整电话
微信：17301950076
提示：请不要交钱给任何单位",https://sz.1010jz.com/gongren/a1801106.html
学生团主班副班日结火热报名中,110,天,日结,深圳市楚悦商务有限公司,05-06,"深圳免费春游会大量要人
日结副班110元一天下班就结
学生团研学旅行导游主班副班，有朋友可以介绍下
8号6.25到福田梅林生活中心集合

8号早上7.00到深圳北站附近学校集合

8号早上6.25到沙吓公交站台后面牛栏前加油站集合副班

8号6.20到龙观路龙华天虹门口郭吓村公交站台集合副班

8早上6.25到5号线龙华民治地铁站A出口出来往前100米副班

压一天日结100元一天
5号下午14.00-19.00到龙岗园山大凤新村公交站台集合副班，男生16-40岁以下，出周二到周五学生团，包吃午餐包住，晚餐需要自带碗筷，自带洗漱用品，可以自带铺盖，也有备用的

有无经验都可以，男女不限16-45岁，不符合年龄勿扰，女生可以放宽几岁，做的好的有10-20元奖励，带小学生一日游，主动协助主班清点人数，看护学生，发餐发水，拍学生活动照，服从主班安排，有责任心，禁止游玩任何游戏项目，时刻保护好自己的安排，不能被主班投诉，投诉了要扣钱，严重投诉的直接走人没有工资
自备一寸纸质照片或者其他机构工作证，尽量休闲鞋纯深色长裤，有双肩背包最好背上，没有背包的有备用背包免费使用，也可以买下来10元一个，第一次来的有一个免费口哨赠送，公司统一上衣帽子更换，下班必须退还，没有黑色长裤的有备用裤子更换，包午餐水不包住，早上去接学生到景区课外实践，下午16.30左右返程回学校交接完就可以下班了，下班送回集合点
严禁给学生保管拿任何东西
严禁跟学生有非正常的接触
如果下暴雨或其他原因早上临时取消会补10-20元车费
正常上班时间3到6月中旬周一到周五早上6.30-18.30左右，节假日周末一般没有

有时间的可以报名，不合适勿扰，报名不要飞机不要迟到不要卡点，看清楚招人信息能准时到的报名，进群了不可以临时退群，飞机事妈罗里吧嗦勿扰
加微信发名字电话年龄，有朋友可以拉群，进群第一时间备注名字电话，谢谢
住的远的报名副班的可以推荐龙华附近男生日租房介绍20-30一晚拎包入住

日结230一天20号民治集合学生团熟手主班10名
禁止转载

联系我时请说明在1010兼职网看到的
联系人：黄
公司地址：深圳市宝安区 [交通地图]
手机：189 3357 ****点击查看完整电话
提示：请不要交钱给任何单位",https://sz.1010jz.com/anbao/a1800596.html
春游学生团龙华副班日结,110,天,日结,深圳市楚悦商务有限公司,05-06,"深圳免费春游会大量要人
日结副班110元一天下班就结
学生团研学旅行导游主班副班，有朋友可以介绍下
正常出团日期2月底到5月中旬周一到周五，具体日期提前1-7天通知，新的一年联合深圳10几家大型教育机构旅行社开招

集合点1：早上6.15到龙观路龙华天虹门口郭吓村公交站台后面集合

集合点2：早上6.25到龙华沙吓公交站台集合牛栏前加油站那边，需要40岁以下

集合点3：早上6.25到5号线龙华民治地铁站A出口出来往前100米民治公交站台后面东浩大厦集合


有无经验都可以，男女不限16-45岁，不符合年龄勿扰，女生可以放宽几岁，做的好的有10-20元奖励，带小学生一日游，主动协助主班清点人数，看护学生，发餐发水，拍学生活动照，服从主班安排，有责任心，禁止游玩任何游戏项目，时刻保护好自己的安排，不能被主班投诉，投诉了要扣钱，严重投诉的直接走人没有工资
自备一寸纸质照片或者其他机构工作证，尽量休闲鞋纯深色长裤，有双肩背包最好背上，没有背包的有备用背包免费使用，也可以买下来10元一个，第一次来的有一个免费口哨赠送，公司统一上衣帽子更换，下班必须退还，没有黑色长裤的有备用裤子更换，包午餐水不包住，早上去接学生到景区课外实践，下午16.30左右返程回学校交接完就可以下班了，下班送回集合点
严禁给学生保管拿任何东西
严禁跟学生有非正常的接触
如果下暴雨或其他原因早上临时取消会补10-20元车费

正常上班时间到6月中旬周一到周五早上6.30-18.30左右，节假日周末一般没有

有时间的可以报名，不合适勿扰，报名不要飞机不要迟到不要卡点，看清楚招人信息能准时到的报名，进群了不可以临时退群，飞机事妈罗里吧嗦勿扰

加微信发名字电话年龄，有朋友可以拉群，进群第一时间备注名字电话，谢谢

住的远的报名副班的可以推荐龙华附近男生日租房介绍20-30一晚拎包入住

禁止转载

联系我时请说明在1010兼职网看到的
联系人：小涛
公司地址：深圳市宝安区 [交通地图]
手机：191 2991 ****点击查看完整电话
提示：请不要交钱给任何单位",https://sz.1010jz.com/fuwuyuan/a1800649.html
日结福田岗厦北西餐厅服务员洗碗,17,小时,日结,深圳市楚悦商务有限公司,05-06,"日结17元一小时下班就结
急招5-10号福田岗厦北西餐厅洗碗熟手帮工2名，男女不限18-55岁，
班次：（12：00   22：00，中间有2个小时休息时间，11.30到吃饭，
工作内容：洗碗，做事勤快麻利，服从安排    

日结17元一小时下班就结
急招5号福田岗厦北西餐厅服务员熟手1名
班次12:30-16:30,18:30-22:30）12.00到了吃饭
工作内容:擦餐具，收台，做卫生，服从安排，不偷懒！！！
要求：男生，有经验，年轻（18～35）形象正常！穿黑色长裤，黑色鞋子
有时间的加
禁止转载

联系我时请说明在1010兼职网看到的
联系人：黄
公司地址：深圳市宝安区 [交通地图]
手机：189 3357 ****点击查看完整电话
提示：请不要交钱给任何单位",https://sz.1010jz.com/fuwuyuan/a1800963.html
龙华民治牛栏前学生团副班日结,110,天,日结,深圳市楚悦商务有限公司,05-06,"深圳免费秋游来了大量要人
日结110元一天下班就结学生团导游副班

8号6.25到民治地铁站A出口出来往前100米公交站台后面集合

8号早上6.25到沙吓公交站台牛栏前加油站集合

8号早上6.20到龙观龙华天虹门口郭吓村集合副班

8号早上6.25到福田梅林生活中心集合

8号早上7.00到深圳北站附近学校集合

一定要找到领队签到登记，不要找错人了，不要走错地方了，看好定位

有无经验都可以，男女不限16-40岁，女生优先，不符合年龄勿扰，
做的好的督导现场有10-20元奖励，带小学生一日游，主动协助主班清点人数，看护学生，发餐发水，拍学生活动照，服从主班安排，有责任心，投诉要扣钱，被严重投诉的直接走人，太胖的不要来，没有衣服穿上不了班没有工资
有双肩背包最好背上，没有的需要提前说下，自备黑色裤子，公司统一短袖帽子更换，下班必须退还，包午餐水不包住
带身份证原件，形象OK，男生胡子刮干净，不要非主流，不要带耳环耳饰，裤子头发洗干净卫生，现场刷下来后果自负
正常上班时间6.30-18.30左右
不要飞机不要迟到，飞机拉黑永不录用，全深圳兼职群通报，看清楚招人信息能准时到的报名，飞机事妈罗里吧嗦勿扰
必须进群备注名字电话，没有进群的一律没有工资
强调下不要重复报名多个地方报名
禁止转载

联系我时请说明在1010兼职网看到的
联系人：小平
公司地址：深圳市宝安区 [交通地图]
手机：191 2991 ****点击查看完整电话
提示：请不要交钱给任何单位",https://sz.1010jz.com/fuwuyuan/a1800941.html
急招周一到周五龙岗横岗学生团副班包吃包住,100,天,次日结,深圳市楚悦商务有限公司,05-06,"深圳免费春游来了大量要人
压一天日结100元一天下班就结学生团导游副班
提前一天下午19.00到龙岗横岗大凤新村集合入住，出周一到周五，有事情第二天不做的必须提前一天早上9.00前说好安排补人，最少做3天，否则当天工资不予结算

自备洗漱用品，换洗衣服就可以了，基地有床上用品
出团05.30-18.00左右

有无经验都可以，工作轻松简单，只要女生16-40岁，不符合年龄勿扰，超过40周岁的不要来，男生少量
带小学生一日游，工作轻易简单，主动协助主班清点人数，看护学生，发餐发水，拍学生活动照，服从主班安排，不能有任何投诉，不能跟任何人产生冲突，有问题找当班领队负责人沟通
带身份证原件，形象OK，男生胡子刮干净，不要非主流，不要带耳环耳饰，裤子头发洗干净卫生

报名加微信发名字+电话+身份证号码
禁止转载

联系我时请说明在1010兼职网看到的
联系人：小平
公司地址：深圳市宝安区 [交通地图]
手机：191 2991 ****点击查看完整电话
提示：请不要交钱给任何单位",https://sz.1010jz.com/anbao/a1800391.html
6-9号急招龙岗包吃住学生团副班,100,天,日结,深圳市楚悦商务有限公司,05-06,"深圳免费春游来了大量要人
压一天日结100元一天下班就结学生团导游副班
今天下午14.00-19.00到龙岗横岗大凤新村集合入住，出周2到周五，有事情第二天不做的必须提前一天早上9.00前说好安排补人，最少做3天，否则当天工资不予结算

自备洗漱用品，换洗衣服就可以了，基地有床上用品
出团05.30-18.00左右

有无经验都可以，工作轻松简单，限女生16-40岁，男生少量，要听话勤快年轻形象好的，不符合年龄勿扰，超过40周岁的不要来
带小学生一日游，工作轻易简单，主动协助主班清点人数，看护学生，发餐发水，拍学生活动照，服从主班安排，不能有任何投诉，不能跟任何人产生冲突，有问题找当班领队负责人沟通
带身份证原件，形象OK，男生胡子刮干净，不要非主流，不要带耳环耳饰，裤子头发洗干净卫生

报名加微信发名字+电话+身份证号码
禁止转载

联系我时请说明在1010兼职网看到的
联系人：黄
公司地址：深圳市宝安区 [交通地图]
手机：189 3357 ****点击查看完整电话
提示：请不要交钱给任何单位",https://sz.1010jz.com/gongren/a1800647.html
7-12号福田罗湖龙华发传单,100,天,日结,深圳市楚悦商务有限公司,05-06,"更新日结115一天7小时
7号-10号福田南山龙岗药店帮忙派传单，男女不限18-45岁，做事勤快麻利服从安排，不要非主流，尽量休闲或者正装，形象好点的，可以进群就近安排，上班时间上午8.00-12.00，下午15.00-18.00左右，不包午餐，有时间的可以报名，7.45到指定位置，做一天的105一天，带身份证，不能少人，压一天日结下班群里统一结账，进群第一时间备注名字电话福田或者南山，龙岗
禁止转载

联系我时请说明在1010兼职网看到的
联系人：黄
公司地址：深圳市宝安区 [交通地图]
手机：189 3357 ****点击查看完整电话
提示：请不要交钱给任何单位",https://sz.1010jz.com/fuwuyuan/a1800311.html
日结福田罗湖龙岗发传单7-10号,115,天,日结,深圳市楚悦商务有限公司,05-06,"更新日结115一天7小时不包吃
7号-10号福田南山龙岗药店帮忙派传单，男女不限18-45岁，做事勤快麻利服从安排，不要非主流，尽量休闲或者正装，形象好点的，可以进群就近安排，上班时间上午8.00-12.00，下午15.00-18.00左右，有时间的可以报名，7.45到指定位置，压一天日结，先找7号开始的，带身份证，不能少人，下班群里统一结账，进群第一时间备注名字电话福田或者南山，龙岗
日结的105一天次日结不包吃
禁止转载

联系我时请说明在1010兼职网看到的
联系人：刘
公司地址：深圳市宝安区 [交通地图]
手机：191 2991 ****点击查看完整电话
提示：请不要交钱给任何单位",https://sz.1010jz.com/fuwuyuan/a1800515.html
学生团副班日结深圳北站福田龙华,110,天,日结,深圳市楚悦商务有限公司,05-06,"深圳免费春游会大量要人
日结副班110元一天下班就结
学生团研学旅行导游主班副班，有朋友可以介绍下

8号6.25到福田梅林生活中心集合副班

8号7.00到深圳北站附近学校集合副班

8号早上6.25到沙吓公交站台后面牛栏前加油站集合副班

8号6.20到龙观路龙华天虹门口郭吓村公交站台后面集合副班

8号早上6.25到5号线龙华民治地铁站A出口出来往前100米副班


压一天日结100元一天
6号下午14-18.00到龙岗园山大凤新村公交站台集合副班，只要男生16-40岁，出周一到周五学生团，包吃午餐包住，晚餐需要自带碗筷，自带洗漱用品，可以自带铺盖，也有备用的

有无经验都可以，男女不限16-45岁，不符合年龄勿扰，女生可以放宽几岁，做的好的有10-20元奖励，带小学生一日游，主动协助主班清点人数，看护学生，发餐发水，拍学生活动照，服从主班安排，有责任心，禁止游玩任何游戏项目，时刻保护好自己的安排，不能被主班投诉，投诉了要扣钱，严重投诉的直接走人没有工资
自备一寸纸质照片或者其他机构工作证，尽量休闲鞋纯深色长裤，有双肩背包最好背上，没有背包的有备用背包免费使用，也可以买下来10元一个，第一次来的有一个免费口哨赠送，公司统一上衣帽子更换，下班必须退还，没有黑色长裤的有备用裤子更换，包午餐水不包住，早上去接学生到景区课外实践，下午16.30左右返程回学校交接完就可以下班了，下班送回集合点
严禁给学生保管拿任何东西
严禁跟学生有非正常的接触
如果下暴雨或其他原因早上临时取消会补10-20元车费
正常上班时间3到6月中旬周一到周五早上6.30-18.30左右，节假日周末一般没有

有时间的可以报名，不合适勿扰，报名不要飞机不要迟到不要卡点，看清楚招人信息能准时到的报名，进群了不可以临时退群，飞机事妈罗里吧嗦勿扰
加微信发名字电话年龄，有朋友可以拉群，进群第一时间备注名字电话，谢谢
住的远的报名副班的可以推荐龙华附近男生日租房介绍20-30一晚拎包入住
禁止转载

联系我时请说明在1010兼职网看到的
联系人：小涛
公司地址：深圳市宝安区 [交通地图]
手机：191 2991 ****点击查看完整电话
提示：请不要交钱给任何单位",https://sz.1010jz.com/laoshi/a1800648.html
福田岗厦北西餐厅服务员洗碗日结,17,小时,日结,深圳市楚悦商务有限公司,05-05,"日结17元一小时下班就结
急招5-10号福田岗厦北西餐厅洗碗熟手帮工2名，男女不限18-55岁，
班次：（12：00   22：00，中间有2个小时休息时间，11.30到吃饭，
工作内容：洗碗，做事勤快麻利，服从安排    

日结17元一小时下班就结
急招5号福田岗厦北西餐厅服务员熟手1名
班次12:30-16:30,18:30-22:30）12.00到了吃饭
工作内容:擦餐具，收台，做卫生，服从安排，不偷懒！！！
要求：男生，有经验，年轻（18～35）形象正常！穿黑色长裤，黑色鞋子
有时间的加微信报名
禁止转载

联系我时请说明在1010兼职网看到的
联系人：小平
公司地址：深圳市宝安区 [交通地图]
手机：191 2991 ****点击查看完整电话
提示：请不要交钱给任何单位",https://sz.1010jz.com/fuwuyuan/a1800537.html
急招宝安中心扫码兼职,500,天,周结,深圳新东方培训学校,05-04,"【工作内容】
在机构3公里范围内的学校&商场&公园等人流量聚集的地方开展地推扫码工作，利用玩具/礼品/书本资料/文具等物料吸引客户注意力，和客户沟通介绍新东方课程并引导客户扫码预留信息&添加公众号微信预约新东方线下免费课程即可
【工作要求】
1.积极主动，能吃苦耐劳，口才良好；
2.有地推相关工作经验，具有一定抗压能力；
【特别亮点 】
 工资稳定结算！多劳多得
 快速上岗，品牌强大
 时间自由，自主掌控


禁止转载

联系我时请说明在1010兼职网看到的
联系人：张老师
公司地址：福田区新洲路深圳国际商会大厦（B座）0301-0314 [交通地图]
手机：193 0134 ****点击查看完整电话
微信：18220404102
提示：请不要交钱给任何单位，谨防：会员卡费、押金、保证金",https://sz.1010jz.com/paifa/a1800312.html
新东方宝安中心校区 | 高薪地推兼职,500,天,周结,深圳新东方培训学校,05-04,"【薪资结构】
★ 基础保障：80元/日（完成15个有效扫码任务）
★ 双重叠加奖励：
 扫码8元/个+企微1元/个

完成任务日均收入180+ 上不封顶 

【工作内容·轻松有方】
 精准推广：向家长群体派发学习资料，引导扫码登记
 智慧沟通：运用标准话术传递新东方品牌价值，拒绝机械硬性推销
 双效达成：同步完成扫码+企业微信添加（收益翻倍秘诀）

 特别亮点 
 工资稳定结算！多劳多得
 快速上岗，品牌强大
 时间自由，自主掌控

【校区位置】新东方宝安校区（1/5号线地铁直达）
 联络：添加微信了解
禁止转载

联系我时请说明在1010兼职网看到的
联系人：张老师
公司地址：福田区新洲路深圳国际商会大厦（B座）0301-0314 [交通地图]
手机：193 0134 ****点击查看完整电话
微信：18220404102
提示：请不要交钱给任何单位，谨防：会员卡费、押金、保证金",https://sz.1010jz.com/paifa/a1801037.html
新东方宝安中心校区高薪地推兼职招聘,500,天,周结,深圳新东方培训学校,05-04,"【薪资结构】
★ 基础保障：80元/日（完成10个有效扫码任务）
★ 双重叠加奖励：
 扫码10元/个+企微2元/个

完成任务日均收入180+ 上不封顶 

【工作内容·轻松有方】
 精准推广：向家长群体派发学习资料，引导扫码登记
 智慧沟通：运用标准话术传递新东方品牌价值，拒绝机械硬性推销
 双效达成：同步完成扫码+企业微信添加（收益翻倍秘诀）

 特别亮点 
 工资稳定结算！多劳多得
 快速上岗，品牌强大
 时间自由，自主掌控

【校区位置】新东方宝安校区（1/5号线地铁直达）
 联络：添加微信了解
禁止转载

联系我时请说明在1010兼职网看到的
联系人：陈老师
公司地址：福田区新洲路深圳国际商会大厦（B座）0301-0314 [交通地图]
手机：193 0134 ****点击查看完整电话
微信：yolob_2
提示：请不要交钱给任何单位，谨防：会员卡费、押金、保证金",https://sz.1010jz.com/paifa/a1801038.html
英文按待4月15/18日宝安雅士展,1000,天,完工结,台州黄岩普尔发模塑有限公司,04-15,"工资400-1000元，4月15-18日 在深圳宝安国际展览馆，做派发和收名片资料画册，需要男兼职10人女兼职10人，要求身高160CM， 男170CM 以上，形象端庄，身体素质好，吃苦耐劳，着装整洁正式。 负责发公司的样品，广告袋子，名片，和收客户名片，还有展位的上的名片资料和样本书，做的好的每天有奖励金，工资要做完了4天一起结算，做不了4天的不要。 女性最好有高个会说英语的，专业收国外的客户名片。  我们是专业卖模具给国外的客户，展位11W75。 
禁止转载

联系我时请说明在1010兼职网看到的
联系人：邓
公司地址：台州市黄岩新前新城路6号 [交通地图]
手机：136 5659 ****点击查看完整电话
提示：请不要交钱给任何单位",https://sz.1010jz.com/fanyi/a1801022.html
4月15-18日塑料展英文接待,1000,天,完工结,台州黄岩普尔发模塑有限公司,04-15,"400元到1000元，，英文很流利，仪态端庄，做事积极主动，
招礼仪接待会英文   300元一天加奖金    4月15-18日 在深圳宝安国际展览馆，做派发和收名片资料画册，需要男女礼仪，要求身高女160CM， 男170CM 以上，形象端庄， 会流利的英语 工作积极主动 ，着装整洁正式。 负责发公司的样品册子，名片，和收客户名片，做的好的每天有奖励金，工资要做完了4天一起结算，做不了4天的不要联系。  我们是专业卖模具给国外的客户，展位11W75。     
禁止转载

联系我时请说明在1010兼职网看到的
联系人：邓华林
公司地址：台州市黄岩新前新城路6号 [交通地图]
手机：136 5659 ****点击查看完整电话
提示：请不要交钱给任何单位",https://sz.1010jz.com/market/a1801023.html
新田附近日结，可以长期做,176,天,日结,深圳百达信息咨询有限公司,04-14,"16-40岁  男女不限
手工活简单，视力要好 。打螺丝，组装等等工位。
禁止转载

联系我时请说明在1010兼职网看到的
联系人：蒋生
公司地址：深圳市龙华新区观澜街道新田新湖南街5号202房 [交通地图]
手机：134 2513 ****点击查看完整电话
微信：13410338283
提示：请不要交钱给任何单位",https://sz.1010jz.com/gongren/a1800185.html
招聘  临时工,17,小时,月结,深圳百达信息咨询有限公司,04-14,"大量招聘临时工    包吃住长白班工期两个月，工期做完，人走账清！环境好，做事简单！月综合工资5000元左右


禁止转载

联系我时请说明在1010兼职网看到的
联系人：蒋先生
公司地址：深圳市龙华新区观澜街道新田新湖南街5号202房 [交通地图]
手机：134 1033 ****点击查看完整电话
微信：13410338283
提示：请不要交钱给任何单位",https://sz.1010jz.com/gongren/a1721940.html
观澜电子厂招聘,20,小时,月结,深圳百达信息咨询有限公司,04-12,"【公司简介】：主要从事手机组装，包装，男女不限，无明显黄发及纹身。两班倒坐班，空调车间。企业环境优美，做事轻松易留人。
时薪20元/时
【需求数量】：200
【上班模式】：长白+两班倒
【年龄要求】：16-40
【文化程度】：初中以上
【福利待遇】：饭票一餐补贴6元，12元/天，包住，水电费平摊，24小时热水，空调宿舍。
【员工必备】：本人身份证、学生证，复印件3张，一寸照片2张（需蓝底），黑色笔一支（要会写字），员工需体检，
禁止转载

联系我时请说明在1010兼职网看到的
联系人：彭先生
公司地址：深圳市龙华新区观澜街道新田新湖南街5号202房 [交通地图]
手机：134 2513 ****点击查看完整电话
微信：13425131361
提示：请不要交钱给任何单位",https://sz.1010jz.com/gongren/a1717138.html
3月20日家电展收名片,180,天,日结,义乌市贸义星展览有限公司,03-19,"展会兼职
拍摄展馆外和展馆入口现场氛围视频
拍摄展馆入口企业墙和活动墙图片
拍摄展馆内部大通道从头到尾现场企业视频（要体现出企业名称）
拍展会现场人流量多的视频
展馆内名片收取，所有企业的所有名片收到位
给展商发我们邮寄的资料宣传单（需要拍视频）
禁止转载

联系我时请说明在1010兼职网看到的
联系人：鲍勃
公司地址：金华市义乌江东 [交通地图]
手机：138 0677 ****点击查看完整电话
微信：ywmyx56789
提示：请不要交钱给任何单位，谨防：会员卡费、押金、保证金",https://sz.1010jz.com/paifa/a1800882.html
新田设备厂招聘日结工,17,小时,日结,深圳百达信息咨询有限公司,03-12,"新田设备厂招聘日结临时工  时薪17元每小时。工资日结  下班结清工资。
禁止转载

联系我时请说明在1010兼职网看到的
联系人：郭小姐
公司地址：深圳市龙华新区观澜街道新田新湖南街5号202房 [交通地图]
手机：188 2287 ****点击查看完整电话
微信：18822876392
提示：请不要交钱给任何单位",https://sz.1010jz.com/gongren/a1794866.html
沙井 塘尾手表厂日结,230,天,日结,深圳市凯捷劳务派遣有限公司,05-06,"打螺丝  组装 包装 
禁止转载

联系我时请说明在1010兼职网看到的
联系人：
公司地址：深市市 [交通地图]
手机：151 1248 ****点击查看完整电话
微信：zxcv8090qwe
提示：请不要交钱给任何单位",https://sz.1010jz.com/gongren/a1800916.html
福永 沙井电子厂日结,300,天,日结,深圳市凯捷劳务派遣有限公司,05-06,"工厂做手机屏幕  全检 测试 QS 独立岗位
禁止转载

联系我时请说明在1010兼职网看到的
联系人：
公司地址：深市市 [交通地图]
手机：151 1248 ****点击查看完整电话
微信：zxcv8090qwe
提示：请不要交钱给任何单位",https://sz.1010jz.com/gongren/a1800915.html
6号东莞凤岗碧湖圆通日结有宿舍,234,天,日结,深圳市信达人力资源管理有限公司,05-06,"东莞凤岗碧湖大道圆通有宿舍，20-48岁，男女都要，日结18块一个小时，18：00-6:00（12小时216块）有食堂，晚上5点翼达龙科技园集合，保险一天3块
禁止转载

联系我时请说明在1010兼职网看到的
联系人：黄
公司地址：深圳市罗湖清水河街道 [交通地图]
手机：185 6588 ****点击查看完整电话
微信：if5015
提示：请不要交钱给任何单位",https://sz.1010jz.com/jiazheng/a1798415.html
车站进闸安检，包吃住,270,天,月结,广东云穗商务服务有限公司,05-06,"一、基本要求：
1、男女不限，经验不限；
2、身体健康，服从安排；
3、持本人有效身份证原件。
二、主要工作：
1、在入站口、查票、查证件；
2、扫描检查，维持正常秩序；
3、市内线路站点，均可安排。
三、薪资福利：
1、薪酬待遇：280-300元/1天；
2、公司包吃住，统一购买保险；
3、每月20号发工资，月休4天。

禁止转载

联系我时请说明在1010兼职网看到的
联系人：林小姐
公司地址：广州市科学城高新技术开发区 [交通地图]
微信：88393319
提示：请不要交钱给任何单位",https://sz.1010jz.com/anbao/a1799854.html
招宝安区松岗驻店理货员,4000,月,月结,深圳市鑫盛双龙贸易有限公司,05-06,"招聘调味料驻店理货员
工资待遇：底薪+提成+二档社保，做六休一（综合工资4千以上）
要求：年龄：22~48岁.女
有驻店经验。
2、负责超市、上货、下订单，管理好商品排面；做促销活动，会叫卖。
3、需要做事细心，有责任心，能服从公司安排
4、上班地点：
1家和购超市(江边店)
宝安区松岗街道江边社区沙朗路91号一期A栋101
上班时间：
8：00-12：00
16：00-20：30
确定能做的在联系：谭女士，联系电话微信同步
禁止转载

联系我时请说明在1010兼职网看到的
联系人：谭女士
公司地址：龙岗区布吉 [交通地图]
手机：136 8955 ****点击查看完整电话
微信：13689557679
提示：请不要交钱给任何单位，谨防：会员卡费、押金、保证金",https://sz.1010jz.com/cuxiao/a1793779.html
6号华强北地铁站附近圆通日结,170,天,日结,深圳市信达人力资源管理有限公司,05-06,"福田华强北地铁站附近圆通兼职日结，18-50岁，男女都要，日结17块一小时。19:30-5:30（10小时170块）晚上到华新A导航到定位，，保险一天3块，
禁止转载

联系我时请说明在1010兼职网看到的
联系人：袁生
公司地址：深圳市罗湖清水河街道 [交通地图]
手机：136 8883 ****点击查看完整电话
微信：if8254
提示：请不要交钱给任何单位",https://sz.1010jz.com/jiazheng/a1796004.html
6号布吉南岭村圆通日结,216,天,日结,深圳市信达人力资源管理有限公司,05-06,"布吉南岭附近圆通日结有食堂夜宵有宿舍，男女都要，日结18块一个小时
B班17:30-5:30（12小时216块）到南岭花园总站公交站导航到定位集合，可以晚点到.
禁止转载

联系我时请说明在1010兼职网看到的
联系人：袁
公司地址：深圳市罗湖清水河街道 [交通地图]
手机：185 2081 ****点击查看完整电话
微信：if2066
提示：请不要交钱给任何单位",https://sz.1010jz.com/jiazheng/a1798047.html
高铁站务员管食宿,270,天,月结,华铁商务（广州）有限公司,05-06,"一、基本要求：
1、男女不限，经验不限；
2、身体健康，服从安排；
3、持本人有效身份证原件。
二、主要工作：
1、负责安检、查票、查证件；
2、仪器检测，维持正常秩序；
3、工作非常轻松，简单易学。
三、薪资福利：
1、综合月薪：4560-6350元；
2、包吃住，免费发放床上用品；
3、每月15号发工资，月休8天。

禁止转载

联系我时请说明在1010兼职网看到的
联系人：陈先生
公司地址：广州市东圃黄村 [交通地图]
微信：lika3638
提示：请不要交钱给任何单位",https://sz.1010jz.com/anbao/a1799855.html
龙华大浪周结打包工,17,小时,周结,深圳市臻德科技有限公司,05-06,"龙华大浪羊台山附近（龙胜地铁站附近）电商物流打包工（手工活）10月7号开始，每小时17元，9:00-20:30，每天10个小时，工资周结（周六晚下班全结，不压工资），可长期做，不要左撇子，男女生都要，最少做2周以上，有意向的随时联系我，罗先生微信同步(没有吃住）
禁止转载

联系我时请说明在1010兼职网看到的
联系人：罗先生
公司地址：深圳市龙岗区塘坑路龙塘商务中心 [交通地图]
手机：158 8947 ****点击查看完整电话
微信：15889478534
提示：请不要交钱给任何单位",https://sz.1010jz.com/jiazheng/a1733627.html
龙华大浪周结打包分拣工,170,天,周结,深圳市臻德科技有限公司,05-06,"周结！明天开始上班，龙华大浪羊台山附近（龙胜地铁站、元芬村地铁站附近）电商小件物品打包工（手工活），每小时17元，9:00-20:30，每天10个小时，一天170，工资周结（周六下班全结），可长期做，18-35岁，有意向的随时联系我，麻烦有朋友想做帮忙推荐下，谢谢！罗先生15889478534微信同步(没有吃住）
禁止转载

联系我时请说明在1010兼职网看到的
联系人：罗先生
公司地址：深圳市龙岗区塘坑路龙塘商务中心 [交通地图]
手机：158 8947 ****点击查看完整电话
微信：15889478534
提示：请不要交钱给任何单位",https://sz.1010jz.com/jiazheng/a1800700.html
聘幼小女托管（短期）和女助教（长期）老师,50,小时,周结,深圳市宏钦文化传媒有限公司,05-06,"  岗位有学历限制，要求大专及以上学历，擅长英语单科、并且能纯英教学的教员，以及有国外留学背景且雅思（托福）取得高分者，可以按2 - 3倍发放工资。请有意应聘的朋友，直接微肖女士报名。公司直招，不收取任何押金和保证金。具体在面试时，负责人会和你面议并进行答疑。
一、工作内容：小学生（假期作业辅导、陪读伴学，接受暑假短期1个多月的兼职）；
中学生（助教，协助主教老师开展教学工作，要求能长期稳定兼职，至少一个完整学期，只接受开学以后，人仍在深圳的在读大学生或毕业生）；
二、工作时间：每天2 - 6小时，视安排学生的情况不同而不同（作业辅导的时长一般是2小时，陪读伴学一般是半天，助教一般是全天6个小时），会提前告知你时间和学生情况，可以双方再沟通具体时间；
三、薪资待遇：小学生（30元/时）、初中生（40元/时）、高中生（50元/时）；
四、工作地点：定点（公司自有上课点）或外派上门(学生家），以龙华、福田、南山居多。
禁止转载

联系我时请说明在1010兼职网看到的
联系人：肖女士
公司地址：（龙华分教点）龙华区大浪街道和平西路龙军花园A1A2栋3单元2025-2026 [交通地图]
微信：zhi_bo_hao2
提示：请不要交钱给任何单位",https://sz.1010jz.com/laoshi/a1800633.html
招兼职女坐班（室内文职）人员多名！次日结,200,天,日结,深圳市宏钦文化传媒有限公司,05-06,"能兼职满半年的人员，公司可以开具履历证明一份； 
公司直招，不收取任何押金和保证金。有意者，直接找肖女士咨询和报名。

一、工作待遇：次日结（时薪25元）+ 餐补40 + 车补（限公交、地铁和共享单车）；
二、工作地点：1、龙华区大浪街道龙平社区龙军商务中心；
              2、恒大时尚慧谷大厦
三、工作时间：周一至周五上午9：30 - 12:30，下午2:30  - 5:30； 
四、工作内容：文职（录资料、校对文字、word排版）；
五、报名须知：
1. 短期固定（最短2个月，最长6个月，要求在2 - 6个月内，坐班时间能相对稳定，无大波动）；
2. 可以考虑在深圳就读的大学生，学校课表出来后，再全员汇总进行排班；
3. 上交彩色大一寸相片2张（分别用于制作造梦团队和公司的工作证各一张），佩戴公司工卡上班；
4. 打字速度达标一般初级水平（每分钟60 - 100个字，且正确率高）；
禁止转载

联系我时请说明在1010兼职网看到的
联系人：肖女士
公司地址：（龙华分教点）龙华区大浪街道和平西路龙军花园A1A2栋3单元2025-2026 [交通地图]
微信：zhi_bo_hao2
提示：请不要交钱给任何单位",https://sz.1010jz.com/wenmi/a1800634.html
当天包进分宿舍包吃住可预支,5500,月,月结,深圳市聚英才实业有限公司,05-06,"福永招聘普工临时工，要求做到1月30日，工资随走随结不拖不欠当天结清，

招聘要求：男女不限，16-40岁，身体健康，做事踏实。
工资待遇：20元/小时，免费提供吃住，
岗位：电子产品组装。每天上班11小时左右，坐班，两班倒长白班任选。
工作地点：坪山


姓名-年龄-性别-临时工，发到微信手机上或直接来电咨询。

禁止转载

联系我时请说明在1010兼职网看到的
联系人：韩先生
公司地址：龙岗臻彦工业区 [交通地图]
手机：150 1794 ****点击查看完整电话
微信：15017941900
提示：请不要交钱给任何单位",https://sz.1010jz.com/gongren/a1740242.html
罗湖人力公司招聘客服,200,天,日结,深圳睿普科技有限公司,05-05,"罗湖泥岗附近招网络招聘客服兼职，要求女孩子，大专以上学历，会简单的电脑操作，工作内容，接打电话回复信息。长期做的优先，20以上，月薪5上班时间9；00-18；00，工资日结170一天，加班20块一小时。平均一天210包餐有住的。会简单的财务，能做报表，会计专业的优先。能做2个月以上最好报名备注客服，能做多久
禁止转载

联系我时请说明在1010兼职网看到的
联系人：袁生
公司地址：福田区上步工业区503栋 [交通地图]
手机：136 8883 ****点击查看完整电话
微信：if2055
提示：请不要交钱给任何单位",https://sz.1010jz.com/wenmi/a1799932.html
南山区扫码加微信，现结,100,次,日结,东莞市科安建筑工程有限公司,05-05,"本职位只需要加到考试微信即可，工作轻松简单，每周二，三出任务，中午11:30分·14：30分

职位要求：保底工资80元，加到微信超过20人，21人开始额外算微信3元/个，多劳多得，需要认真守时的小伙伴，要女生，年龄要求：25-50岁，有派发传单经验，地推经验优先


找长期兼职，有意向的直接打电话联系杨小姐报名，非诚勿扰。

禁止转载

联系我时请说明在1010兼职网看到的
联系人：杨小姐
公司地址：佛山市健业大厦 [交通地图]
手机：150 1426 ****点击查看完整电话
微信：ge131899
提示：请不要交钱给任何单位，谨防：会员卡费、押金、保证金",https://sz.1010jz.com/paifa/a1800255.html
男女不限加班多包吃住组装工,200,天,月结,深圳市聚英才实业有限公司,05-05,"因生产需要急招男女普工，有无经验均可，包吃包住，本公司郑重承诺不收求职者任何费用，一经录用待遇从优，长短期都可以，做到年底有报销回家路费。
职位描述一、1：招聘条件：年龄16-40周岁，男女不限，持本人真实第二代有效身份证临时证件，有无工作经验均可身体健康，无不良嗜好，吃苦耐劳，服从管理优先。当天应聘人员需带齐行李物品，身份证件方便当天安排厂内住宿。
【薪酬福利】
【1】：【临时工】（包吃住）工价17-20块/时（看部门），做六休一，每天工作10-11小时，月净收入工资4800—5300元（工资与工作时间成正比）【进厂当天可借支生活费+每周可预支200-500元/生活费，离职当天结清剩余未结算的所有工资(不压工资)】
2：正式工工资薪酬福利：
五天八小时制，22天工作制，其余算加班，底薪2350元/月.加班费按劳动法算，平时加班1.5倍18.5元/时，周六加班2倍24.3元/时，节假日加班3倍35.元/时，周日放假。（每月加班80-150个小时，加多加少可自由选择）试用期满统一调薪,加班费相应增加。
另外每月有绩效奖200-300元，技能津贴200-500，生产奖金200-300元，每月由单位主管根据个人表现评分,定时发放，年终奖2000元起步，月综合收入4000-5000元/月。
报名方式：直接来电报名、或直接编辑短信报名：姓名+籍贯+民族+年龄发送到招聘李主管手机即可回复面试时间地址，短信请留意面试邀请！
二.1、食宿：
免费包吃包住，员工伙食标准好,一日三餐均为自助餐形式，自选两荤一素一汤,不扣任何费用。2、住宿：免费提供4-6人间宿舍，配备独立卫生间、空调、电视、网线、衣柜、桌子、凳子、24小时热水、洗衣房等一应俱全。
三、、福利待遇：
1、保险：公司依法为员工缴纳五险一金；
2、劳保：公司免费提供工作服、各种劳保用品.
3、文艺活动：公司节假日举办丰富多彩大型文艺活动，丰富员工生活；
4、工作环境：工厂的生产环境国际化，已通过OHSAS18000环境健康安全体系，厂内除湿、24℃恒温、无噪音、无异味，为员工提供了安全、舒适的工作环境；
5、员工生活：公司内设银行、生活超市、图书馆、网吧、足球等，方便员工生活.
注明；当天安排食宿，当天面试不带行李的我公司默认为外宿，不安排宿舍，请大家最好备齐行李物品，以免来回折腾。
禁止转载

联系我时请说明在1010兼职网看到的
联系人：韩先生
公司地址：龙岗臻彦工业区 [交通地图]
手机：150 1794 ****点击查看完整电话
微信：15017941900
提示：请不要交钱给任何单位",https://sz.1010jz.com/gongren/a1740247.html
小象超市长期兼职就就近安排,20,小时,日结,深圳市成之恒科技有限公司,05-05,"小象超市长期兼职 深圳各区 东莞 莞城 厚街 大朗 虎门 就近安排！！
上班时间：16:00-凌晨2:00 4小时兼职
【任职要求】
1，18-40岁
2，学历不限，对服务行业充满热情
3，吃苦耐劳
【兼职薪资】：日结18/小时，周结19/小时，月结20/小时
【兼职岗位】：分拣
【注意事项】：需要有健康证 可以面试通过再办理
禁止转载

联系我时请说明在1010兼职网看到的
联系人：黄先生
公司地址：南湾街道 [交通地图]
手机：147 7604 ****点击查看完整电话
微信：14776049506
提示：请不要交钱给任何单位",https://sz.1010jz.com/jiazheng/a1797779.html
观澜快递小时工日结,17,小时,日结,深圳市成之恒科技有限公司,05-05,"观澜和记顺丰
半班 凌晨1:00-7:00 12:30-18:30 日结17/小时
7:00-19:00 19:00-6:00 21:00-9:00日结15/小时
禁止转载

联系我时请说明在1010兼职网看到的
联系人：黄先生
公司地址：南湾街道 [交通地图]
手机：147 7604 ****点击查看完整电话
微信：14776049506
提示：请不要交钱给任何单位",https://sz.1010jz.com/jiazheng/a1798135.html
福永打包日结，下班结清 包吃包住,300,天,日结,深圳市耀腾仓储物流有限公司,05-05,"本公司因订单比较多，招聘多名日结工，下班立马微信转账，男女不限，年龄18-45岁，工作时间10个小时，待遇300元/天，
包吃包住，不体检，独立岗位，普通工衣，可带手机，空调车间，空调宿舍，环境好，做事轻松

可以长期做
岗位:打包装，上班2小时，休息10分钟
直接＋微信
禁止转载

联系我时请说明在1010兼职网看到的
联系人：
公司地址：深圳宝安沙井 [交通地图]
微信：hc526014
提示：请不要交钱给任何单位",https://sz.1010jz.com/gongren/a1797707.html
光明键盘鼠标日结打包，下班结清,280,天,日结,深圳市耀腾仓储物流有限公司,05-05,"日结，280/天，上一天结一天，男女不限，16-45岁
可以长期做
岗位:打包，打螺丝，组装，手工活，工作简单轻松，可以带手机带烟。工作时间10个小时左右，上班2个小时休息10分钟，车间为空调车间，
有需要直接＋微信
禁止转载

联系我时请说明在1010兼职网看到的
联系人：
公司地址：深圳宝安沙井 [交通地图]
微信：hc526014
提示：请不要交钱给任何单位",https://sz.1010jz.com/gongren/a1797709.html
瑞思英语高薪招聘扫码兼职,300,天,周结,深圳童程童美科技有限公司罗湖分公司,05-05,"在校区楼下进行带客上门，有效客户60一个，当天扫码6个得90底薪，超过6个得按照8-12一个核算
禁止转载

联系我时请说明在1010兼职网看到的
联系人：李老师
公司地址：翠竹地铁站文锦教育城3楼 [交通地图]
手机：153 6046 ****点击查看完整电话
微信：15360463710
提示：请不要交钱给任何单位，谨防：会员卡费、押金、保证金",https://sz.1010jz.com/paifa/a1800196.html
福田景田诚聘长期高薪兼职,180,天,月结,深圳童程童美科技有限公司罗湖分公司,05-05,"通过在学校及商超附近派发免费礼品和单页引导家长领取免费体验课
禁止转载

联系我时请说明在1010兼职网看到的
联系人：李老师
公司地址：翠竹地铁站文锦教育城3楼 [交通地图]
手机：153 6046 ****点击查看完整电话
微信：15360463710
提示：请不要交钱给任何单位，谨防：会员卡费、押金、保证金",https://sz.1010jz.com/paifa/a1785007.html
晨光招聘每日或周末兼职促销员,150,天,半月结,深圳市晨光乳业有限公司,05-05,"每天都要人
每天都要人
(可自选周末或者天天上班)
晨光牛奶招聘兼职促销员
工作内容：给客户试饮牛奶并成交套餐订单。
薪资待遇：底薪150+拉新提成（10元/单）上不封顶（两周一结）
工作地点：光明公明各小区
工作时间：工作日13:00-21:00
周末10:00-12:00 15:00-21:00
联系方式
禁止转载

联系我时请说明在1010兼职网看到的
联系人：张小姐
公司地址：光明街道晨光乳业有限公司 [交通地图]
手机：155 2635 ****点击查看完整电话
微信：15526354300
提示：请不要交钱给任何单位，谨防：会员卡费、押金、保证金",https://sz.1010jz.com/cuxiao/a1800968.html
光明公明招聘晨光兼职送奶员多名,8000,天,日结,深圳市晨光乳业有限公司,05-05,"送奶员：多劳多得，工资计件。
工作：1、负责配送小区新订单的奶箱安装工作。
           2、每日凌晨2点到7点，按照单据骑电动车挨家配送牛奶到家，自带电动车。
要求：男性、18-50岁，会使用智能手机。
联系人：张站长15526354300
禁止转载

联系我时请说明在1010兼职网看到的
联系人：张
公司地址：光明街道晨光乳业有限公司 [交通地图]
手机：155 2635 ****点击查看完整电话
提示：请不要交钱给任何单位，谨防：会员卡费、押金、保证金",https://sz.1010jz.com/paifa/a1801129.html
招聘点位地推翠竹/罗湖益田假日,20,小时,周结,深圳童程童美教育有限公司龙岗分公司,05-05,"教育机构做活动，向4至16岁的家长介绍免费的体验课程，跟有意向的家长留下联系方式
禁止转载

联系我时请说明在1010兼职网看到的
联系人：jason
公司地址：龙岗区龙城广场D出口东方明珠城方茄城三楼 [交通地图]
手机：176 8816 ****点击查看完整电话
微信：17688168449
QQ：1418597632
提示：请不要交钱给任何单位，谨防：会员卡费、押金、保证金",https://sz.1010jz.com/paifa/a1748737.html
罗湖/点位/商场/扫码,20,小时,周结,深圳童程童美教育有限公司龙岗分公司,05-05,"【要求】
1、积极主动、活泼开朗
2、灵活应变、服从安排
3、长期需要兼职和固定兼职

【地点】罗湖翠竹地铁口

【内容】工作内容：
主动介绍免费体验课程，预约登记意向家长的联系方式(有小礼物可赠送)

有意者加微信【微信】黄老师
禁止转载

联系我时请说明在1010兼职网看到的
联系人：
公司地址：龙岗区龙城广场D出口东方明珠城方茄城三楼 [交通地图]
手机：176 8816 ****点击查看完整电话
微信：17688168449
提示：请不要交钱给任何单位，谨防：会员卡费、押金、保证金",https://sz.1010jz.com/paifa/a1797362.html
光明联想招聘小时工,21,小时,月结,深圳美帮信息咨询有限公司,05-05,"光明联想  招聘，入职可以借支。
  
上班满3天，每天借支150元。
 人走账清。

20.4元/H+提供住宿，先吃后扣。工期到4月底， 提供住宿扣10块/天。水电平摊。
一、光明联想电脑招聘小时工，男女不限，年龄18-42岁，两班倒，基本站立作业，需要本人真实有效身份证，纹身的也可以，每天10个小时左右。
也可以长期做，有转正机会，人走账清。
上班地点：光明联想

报名方式：姓名+性别+年龄+联想小时工，发送至我手机，可直接打电话联系，也可以加我微信
禁止转载

联系我时请说明在1010兼职网看到的
联系人：蒲先生
公司地址：福田保税区四号门公交站 [交通地图]
手机：135 3014 ****点击查看完整电话
微信：13530143532
提示：请不要交钱给任何单位",https://sz.1010jz.com/jiazheng/a1795960.html
户外广告拍照,100,天,日结,昆山市玉山镇壹壹玖陆肆柒号好活商务服务工作室,05-04,"负责拍摄户外广告，包括电梯、影院、机场、地铁站、高铁站等
禁止转载

联系我时请说明在1010兼职网看到的
联系人：毛经理
公司地址：杭州市星光大道 [交通地图]
微信：star2597
提示：请不要交钱给任何单位",https://sz.1010jz.com/qita/a1800753.html
光明联想,21,天,月结,深圳市纳杰人力服务有限公司,05-04,"光明联想21小时，
出勤满三天后，第四天开始每天出勤下班后可申请预支100元
住光明宿舍
住宿+水电合计13元/天
厂牌是餐卡，入职出勤满32小时后，工厂预充值490元，先吃后扣。餐补必须消费，否则清零。

男女不限，18–40岁
普通工衣，两班倒，走动式作业，每天10-11小时，上班2小时休息10分钟。不体检，离职三个工作日结工资。可以长期做12号发薪。无案底，做过正式工拒收，无花臂及手臂纹身。
禁止转载

联系我时请说明在1010兼职网看到的
联系人：王先生
公司地址：光明玉塘街道长圳社区第四工业区 [交通地图]
手机：134 8076 ****点击查看完整电话
微信：13480760391
提示：请不要交钱给任何单位",https://sz.1010jz.com/gongren/a1798116.html
日结！5号洗碗工，海上世界地铁站附近,20,小时,日结,美玥影视文化（深圳）有限公司,05-04,"日结！明天海上世界地铁站附近10:00-14:00，17:00-22:00；洗碗工20元/时，要女的，熟手，包餐，私聊！
禁止转载

联系我时请说明在1010兼职网看到的
联系人：蛋蛋
公司地址：深圳市龙华区 [交通地图]
手机：159 1993 ****点击查看完整电话
微信：15919930953
提示：请不要交钱给任何单位",https://sz.1010jz.com/fuwuyuan/a1795768.html
日结！6号洗碗工，海上世界地铁站附近,20,小时,日结,信德财人力资源（深圳）有限责任公司,05-04,"日结！今天6号海上世界地铁站附近10:00-14:00，17:00-22:00；洗碗工（帮忙收台）20元/时，包餐，私聊！
禁止转载

联系我时请说明在1010兼职网看到的
联系人：王经理
公司地址：深圳市龙华新区 [交通地图]
手机：136 9160 ****点击查看完整电话
微信：13691607203
提示：请不要交钱给任何单位",https://sz.1010jz.com/fuwuyuan/a1790937.html
龙岗中心城急需扫码兼职,35,小时,次日结,深圳教宇教育有限责任公司,05-04,"教培机构长期招聘扫码地推兼职（有经验优先）
1. 校区附近学校、小区门口、公园、商超定点引流，地推采单，送小玩具
2.年龄要求大班及以上
3.要求信息正确
4.严禁扫码信息作假
5.薪资:底薪+扫码添加微信，三年级及以上有额外奖励
6.地址：龙岗家和盛世花园二期

包物料小礼物、袋子、小玩具、资料等，新开校区工作简单，资源量大。

联系人：周女士
联系电话：
禁止转载

联系我时请说明在1010兼职网看到的
联系人：
公司地址：深圳龙岗中心城家和盛世萃华教育城 [交通地图]
手机：166 2081 ****点击查看完整电话
提示：请不要交钱给任何单位，谨防：会员卡费、押金、保证金",https://sz.1010jz.com/paifa/a1800848.html
福田景田电销兼职招聘,200,天,日结,深圳樊盛文化发展有限公司,05-04,"福田景田招聘教培行业外呼，工资日结。按时间来算，外呼上门和签约有额外提成。

1、工作时间：早班：9：00-18：00（12:00-14:00休息）；晚班：14:00-21:30（18:00-18:30休息），周内为晚班，周末为白班，每天7小时，再加上门提成 ，日结；
2、工作要求：外呼兼职，应届生和社会人员也可以，男女不限；
3、工作内容：公司内，不需要出外，环境舒适，模式简单：电话邀约报读课程或上门进行学科分析和领取学习资料，筛选意向客户；
4、工作地点：
5、工作待遇：120元/天，家长上门一个30元/提成（日结）。日均200元；
6、工作要求：态度端正，表达清晰，有机构电话销售经验者优先，目标感强；
7、需要人数:10人

禁止转载


禁止转载

联系我时请说明在1010兼职网看到的
联系人：
公司地址：福田区天健创业大厦 [交通地图]
手机：134 2093 ****点击查看完整电话
提示：请不要交钱给任何单位",https://sz.1010jz.com/market/a1800108.html
可居家小说兼职 日结,150,天,日结,广州时一企业管理服务有限公司,05-04,"可居家小说兼职 150元/天 日结
工作时间：9:00-19:00（每天1-3小时左右，可长期兼职，可居家作业）；
要    求：男女不限，16岁以上，有责任心，想赚钱，服从安排即可；
工作内容：抖音、视频号、红书 分享小说视频即可，号越多收入越高，多劳多得；
工作待遇：40-150元/天 日结

联 系 人：黄生
微信报名：（姓名+电话+每日可工作时间+可居家小说兼职）
禁止转载

联系我时请说明在1010兼职网看到的
联系人：黄生
公司地址：广州市车陂十二社 [交通地图]
手机：177 2878 ****点击查看完整电话
微信：yz33ss
提示：请不要交钱给任何单位",https://sz.1010jz.com/wenmi/a1799985.html
招聘社区水果和牛肉丸促销员（长期有效）,268,天,日结,深圳市京鹏果业有限公司,05-04,"招聘性别年龄：女性，25-45周岁；
工作时间：9:00-21:00；中午1:00-3:00逢一至五可适当休息，周末不允许；
薪资待遇：周结：日薪268元/天+3%提成（不达标则208元/天，逢周2发放；试用期3天，学习薪资188元/天（三天过后正式单干再双向选择，业绩佳可提供住宿）；
招聘要求：具有商超、快销品、促销等销售类相关工作经验优先；同时具备形象佳、亲和力强、性格开朗、沟通能力强、服务意识好、服从安排、敢于叫卖、有责任心，凡低头族、手机控、冰美人、计较，非诚勿扰！

工作地点：深圳范围就近安排
禁止转载

联系我时请说明在1010兼职网看到的
联系人：林先生
公司地址：深圳市福田区彩田村 [交通地图]
手机：135 0992 ****点击查看完整电话
微信：13509923816
提示：请不要交钱给任何单位",https://sz.1010jz.com/market/a1784061.html
沙井包吃包住日结，不压工资，每天日结,260,天,日结,深圳市耀腾仓储物流有限公司,05-04,"电子产品

可以长期做
300/天，每天下班结工资

包吃包住，不体检，独立岗位，普通工衣，可带手机，空调车间，空调宿舍，环境好，做事轻松
岗位:打包装，上班2小时，休息10分钟
直接＋微信
禁止转载

联系我时请说明在1010兼职网看到的
联系人：
公司地址：深圳宝安沙井 [交通地图]
微信：hc526014
提示：请不要交钱给任何单位",https://sz.1010jz.com/gongren/a1796093.html
电商日结++下班发+分拣扫描,200,天,日结,深圳市华源劳务派遣有限公司,05-03,"快递电商打包，分拣，扫描，男女不限18-40岁。

每天发，白班19块

小件打包分拣扫描

不包吃住，支持空降
禁止转载

联系我时请说明在1010兼职网看到的
联系人：李主管
公司地址：龙华龙观路城市明珠荣群大厦 [交通地图]
微信：lyw1856024
提示：请不要交钱给任何单位",https://sz.1010jz.com/jiazheng/a1799644.html
快递电商日结+每天发+打包分拣,200,天,日结,深圳市华源劳务派遣有限公司,05-03,"快递电商小件日结，打包分拣扫描


每天发，白班19块一个小时

18-40岁，男女不限

上班不能穿拖鞋，凉鞋，穿着要整齐



禁止转载

联系我时请说明在1010兼职网看到的
联系人：李主管
公司地址：龙华龙观路城市明珠荣群大厦 [交通地图]
微信：lyw1856024
提示：请不要交钱给任何单位",https://sz.1010jz.com/jiazheng/a1799158.html
福田区域招长期扫码/课包兼职,300,天,周结,深圳市成蹊四海文化传媒有限公司,05-03,"福田区域招长期课包/扫码兼职多名
工作内容：
机构扫码获取家长信息/售卖小课包
机构配备优质扫码礼物及课包礼物

1、薪资及奖励
获取有效名单：10元/条
售卖49.9元课包：最高得149.9元/个
拉访：40元/人
商场店，校区配备优质礼物

2、工作时间：
周中周末可做，多劳多得！！

有意向联系：
庄老师 （微信同号）
禁止转载

联系我时请说明在1010兼职网看到的
联系人：庄老师
公司地址：深圳市福田区华富街道莲花一村社区皇岗路5001号深业上城（南区）商业综合楼1栋T [交通地图]
手机：135 7089 ****点击查看完整电话
提示：请不要交钱给任何单位，谨防：会员卡费、押金、保证金",https://sz.1010jz.com/paifa/a1800865.html
发朋友圈,100,天,日结,深圳市珀雅烤鸡有限公司,05-02,"推广俄罗斯产品，发朋友圈
禁止转载

联系我时请说明在1010兼职网看到的
联系人：
公司地址：深圳市龙华区观澜街道桂花社区。 [交通地图]
手机：131 9237 ****点击查看完整电话
提示：请不要交钱给任何单位，谨防：会员卡费、押金、保证金",https://sz.1010jz.com/paifa/a1800588.html
日结！6号餐厅女洗碗工，海上世界,20,小时,日结,信德财人力资源（深圳）有限责任公司,05-01,"日结！明天6号海上世界地铁站附近10:00-14:00，17:00-22:00；洗碗工20元/时，要女的，包餐，私聊！
禁止转载

联系我时请说明在1010兼职网看到的
联系人：王英杰
公司地址：深圳市龙华新区 [交通地图]
手机：136 9160 ****点击查看完整电话
微信：13691607203
提示：请不要交钱给任何单位",https://sz.1010jz.com/fuwuyuan/a1782490.html
招聘白天学生监管辅导员,100,天,周结,深圳市乐思拓教育发展有限公司,05-01,"1，需要早上7点20分到下午2点20，总计7小时，费用100元
2，工作：监督孩子手机，监督孩子是否迟到，保持基本卫生，其他相关力所能及工作。简单轻松
3，没有学历要求，踏实认真即可
4，工资也可以周结，月结
5，有需要的直接打电话，不要发信息

地址：龙华区民治锦绣江南附近
禁止转载

联系我时请说明在1010兼职网看到的
联系人：李老师
公司地址：龙华新区梅龙路锦绣江南2236号 [交通地图]
手机：185 0755 ****点击查看完整电话
提示：请不要交钱给任何单位",https://sz.1010jz.com/laoshi/a1636938.html
龙华高提成教培机构发单人员,30,小时,周结,深圳市乐思拓教育发展有限公司,05-01,"1，教培10年老机构招聘销售人员
2，需要招聘发单介绍人员
3，机构很大，教师经验丰富，满意度很高
4，只需要40岁以下能吃苦的
禁止转载

联系我时请说明在1010兼职网看到的
联系人：李老师
公司地址：龙华新区梅龙路锦绣江南2236号 [交通地图]
手机：185 0755 ****点击查看完整电话
提示：请不要交钱给任何单位",https://sz.1010jz.com/market/a1706482.html
餐厅定点帮厨兼职！工期一个月，深大地铁站,22,小时,日结,信德财人力资源（深圳）有限责任公司,05-01,"短期定点餐厅帮厨兼职（洗菜切菜）！工期一个月！压二天工资，第三天开始每天日结！工作日上班（4号开始），包吃不包住（看清再报名）
地址：深大地铁站附近
班次安排：07:30-12:30；
吃饭时间：12点半
工资标准：22元/时；
工作岗位：洗菜切菜
要求：有健康证或体检单
报名方式: 姓名+电话+身份证正面
禁止转载

联系我时请说明在1010兼职网看到的
联系人：王经理
公司地址：深圳市龙华新区 [交通地图]
手机：136 9160 ****点击查看完整电话
微信：13691607203
提示：请不要交钱给任何单位",https://sz.1010jz.com/fuwuyuan/a1782940.html
龙华 光明 宝安区地推拉访,120,天,日结,深圳市星火国际教育文化传播有限公司,05-01,"地推拉访兼职
教培机构地推拉访
地址 1：龙华区汇海广场
地址 2: 光明大街地铁站附近
地址 3:公明红花山公园旁
地址 4:福永万福广场附近
地址 5: 宝安中心地铁站
时间：下午两点至八点
工资：120+拉访高提成
日结，附近的可联系
禁止转载

联系我时请说明在1010兼职网看到的
联系人：王老师
公司地址：龙华区汇海广场C座705室 [交通地图]
手机：137 1477 ****点击查看完整电话
微信：13714771245
提示：请不要交钱给任何单位，谨防：会员卡费、押金、保证金",https://sz.1010jz.com/paifa/a1799299.html
中国移动地推日结,100,天,日结,深圳市沃友通讯技术有限公司,05-01,"高佣次日结算，高效率服务。负责在广东省内（最好是深圳）推广深圳移动流量卡。流量160G，100分钟。地推方式不限。佣金150元/单，量多奖励多。有地推经验/开卡经验者优先。日薪1000+，加微备注
禁止转载

联系我时请说明在1010兼职网看到的
联系人：刘生
公司地址：龙华区龙华街道玉翠社区望城路 [交通地图]
手机：199 2540 ****点击查看完整电话
微信：k999-333
提示：请不要交钱给任何单位，谨防：会员卡费、押金、保证金",https://sz.1010jz.com/paifa/a1794234.html
塘尾电子厂日结  周结,260,天,日结,深圳市凯捷劳务派遣有限公司,05-01,"生产组装 包装 全检 测试
禁止转载

联系我时请说明在1010兼职网看到的
联系人：
公司地址：深市市 [交通地图]
手机：151 1245 ****点击查看完整电话
微信：zxcv8090qwe
提示：请不要交钱给任何单位",https://sz.1010jz.com/gongren/a1800917.html
蛇口希尔顿-至少一个月,17,小时,日结,深圳名峰清洁服务有限公司,05-01,"蛇口希尔顿至少一个月日结-
有宿舍工价17元/h 压一天工资
西餐中餐大堂吧 每天8-16小时
A班7.30-16.00 B班16.00-23.30
禁止转载

联系我时请说明在1010兼职网看到的
联系人：刘
公司地址：广东省深圳市罗湖区庆安大厦2506 [交通地图]
手机：180 2534 ****点击查看完整电话
微信：18025346336
提示：请不要交钱给任何单位",https://sz.1010jz.com/fuwuyuan/a1796053.html
急招罗湖地推扫码兼职,120,天,日结,深圳市布劳克斯教育咨询有限公司罗湖分公司,04-30,"【工作内容】
在罗湖区喜荟城购物中心周边区域推广，邀请家长带孩子参加英语体验课，扫二维码预约，预约成功后送小礼品一份。

【工作要求】
1、性别不限，需年满18周岁；
2、敢于主动去跟家长沟通介绍，性格开朗。
3、自觉主动去完成工作，不允许弄虚作假。

【上班时间】
早上10点至下午18点（无责任 底薪 ：120元）

【薪资待遇】
无责任保底：120元
提成：有效客户信息 2元一单


工作区域：罗湖区太宁路喜荟城周边（真实有效）
禁止转载

联系我时请说明在1010兼职网看到的
联系人：高诗浩
公司地址：罗湖区喜荟城 [交通地图]
手机：150 1792 ****点击查看完整电话
提示：请不要交钱给任何单位，谨防：会员卡费、押金、保证金",https://sz.1010jz.com/paifa/a1801124.html
急招五一假期酒楼日结兼职服务员,20,小时,日结,深圳昕睿劳务派遣有限公司,04-30,"海鲜酒楼（蛇口店）20元/小时下班日结，自备黑鞋黑裤，包餐

岗位：服务员
用工日期：5月1日-5日，能连做5天的22元/小时
用工时间： 17：30-22：30
17.00到吃饭
要求：年龄48岁以下，最好做过酒楼的
门店地址：南山蛇口新街71号
禁止转载

联系我时请说明在1010兼职网看到的
联系人：黄经理
公司地址：深圳市龙华新区龙华街道雪岗北路花半里大厦斜对面翠湖商务中心202 [交通地图]
手机：180 1875 ****点击查看完整电话
微信：18018753190
提示：请不要交钱给任何单位",https://sz.1010jz.com/fuwuyuan/a1800921.html
急招周末酒楼日结兼职服务员,18,小时,日结,深圳昕睿劳务派遣有限公司,04-30,"18元一小时日结！
急招明天南山蛇口街道海鲜酒楼兼职熟手服务员，生手不行，18-42岁，不能太胖，自备黑鞋黑鞋，不用健康证，包餐

上11.30-14.00，17.00-22.30的班，11.00到吃饭
禁止转载

联系我时请说明在1010兼职网看到的
联系人：黄经理
公司地址：深圳市龙华新区龙华街道雪岗北路花半里大厦斜对面翠湖商务中心202 [交通地图]
手机：180 1875 ****点击查看完整电话
微信：18018753190
提示：请不要交钱给任何单位",https://sz.1010jz.com/fuwuyuan/a1800953.html
急招明天日结兼职服务员,20,天,日结,深圳昕睿劳务派遣有限公司,04-30,"20元一小时日结！
急招1号至5号南山蛇口街道酒楼兼职熟手服务员，生手不行！18-45岁，不能太胖，自备黑鞋黑鞋，不用健康证
上17.30-22.30的班，17.00到吃饭
禁止转载

联系我时请说明在1010兼职网看到的
联系人：黄经理
公司地址：深圳市龙华新区龙华街道雪岗北路花半里大厦斜对面翠湖商务中心202 [交通地图]
手机：180 1875 ****点击查看完整电话
微信：18018753190
提示：请不要交钱给任何单位",https://sz.1010jz.com/fuwuyuan/a1800924.html
文员兼职,20,小时,日结,深圳市宇光文化传播有限公司,04-30,"报名参加
1.主要做一些行政方面工作。
2.招聘方面工作，本公司为教育培训机构，招聘老师及教务管理人员，筛选简历及邀约
3.时薪。20元/小时。每周有空闲时间即可。每天5-8小时，时间灵活自由。工资可以日结或周结。
4.年龄要求，22-40岁，女性优先。

工作地点：罗湖田贝地铁站附近，柏丽大厦
                 福田莲花二村华城百货二楼

禁止转载

联系我时请说明在1010兼职网看到的
联系人：
公司地址：福田区 [交通地图]
手机：189 2466 ****点击查看完整电话
微信：yr18924669754
提示：请不要交钱给任何单位",https://sz.1010jz.com/wenmi/a1800226.html
Ole精品超市长期临促招聘,180,天,完工结,杭州认养一头牛生物科技有限公司,04-30,"【商超奶制品长期临促（可兼职）】

 工作亮点
 日薪180元+销售提成（多劳多得！）
 就近分配 
 知名商超 | 优质团队 

 你的工作内容
1 热情推广产品，专业解答顾客疑问
2 执行试饮活动，收集用户反馈
3 创意陈列商品，打造吸睛促销展台
4 监测竞品动态，及时反馈市场信息
5 精准记录销售数据，保障货品充足

 我们需要这样的你
 女生，年龄20-40岁，亲和力MAX，E人有经验能连做的优先，形象气质佳
 沟通达人（有快消/乳品促销经验更佳）
 周末/节假日可全勤（客流高峰需冲业绩！）

 工作坐标
深圳高端商圈：OLE万象城店/万象天地店/深圳湾万象城店

 在岗时间
5.2-5.31  11：00-20:30（中间一小时吃饭休息）

 马上加入
速联：张经理 （微信同号）
（标题备注：商超促销+姓名+年龄+生活照+意向门店）

 优秀伙伴额外奖励：
 周度销售冠军奖金
 表现突出者可考虑转长期岗
 节日福利+团建活动

[ 企业直招 | 不收取任何费用 | 灵活安排面试 ]
禁止转载

联系我时请说明在1010兼职网看到的
联系人：张先生
公司地址：宝安区 [交通地图]
手机：139 2348 ****点击查看完整电话
提示：请不要交钱给任何单位，谨防：会员卡费、押金、保证金",https://sz.1010jz.com/cuxiao/a1801087.html
日结！长期招女派发女夹单员多名！,240,天,日结,深圳市宏钦文化传媒有限公司,04-30,"公司直招，不收取任何押金和保证金。 有意者，请联系深圳公司肖女士咨询和报名。

一、报名要求
限30周岁以内身体健康女性，不接受带病工作；五官端正，形象良好；爱岗敬业，吃苦耐劳（该职位需要不停走动）；

二、工作内容
1. 在福田和南山的指定区域内，四处走动，派发招生、售书广告彩单； 
2. 在指定区域内，四处走动，对路边及露天停车场的汽车，在汽车正驾驶座的车把手上，夹塞招生、售书广告彩单。 
             
三、工作待遇
8个钟200元（时薪25元） + 2餐餐补30元 + 10元交通补助，合计240元。

四、工作地址
1.福田大型商超、购物街及书城；   2.南山大型商超、购物街及书城；
五、工作时间
上午10:30 晚上7：30 （含一个钟的午餐和休息时间）
可以不用天天参与，但要事先协商好固定的某几天；
可以不用全天参与，但要事先协商好固定的某几天的上午或者下午；
禁止转载

联系我时请说明在1010兼职网看到的
联系人：肖女士
公司地址：（龙华分教点）龙华区大浪街道和平西路龙军花园A1A2栋3单元2025-2026 [交通地图]
微信：zhi_bo_hao2
提示：请不要交钱给任何单位，谨防：会员卡费、押金、保证金",https://sz.1010jz.com/paifa/a1800635.html
龙华大浪兼职打包工周结,6000,月,周结,深圳市臻德科技有限公司,04-29,"龙华大浪羊台山附近（龙胜地铁站附近）电商物流打包工（手工活）今天开始，每小时17元，9:00-20:30，每天10个小时，一天170，工资周结（周六晚下班全结，不压工资），可长期做，不要左撇子，要男生，最少做2周以上，有意向的随时联系我，罗先生微信同步(没有吃住）
禁止转载

联系我时请说明在1010兼职网看到的
联系人：罗主管
公司地址：深圳市龙岗区塘坑路龙塘商务中心 [交通地图]
手机：158 8947 ****点击查看完整电话
微信：15889478534
提示：请不要交钱给任何单位",https://sz.1010jz.com/jiazheng/a1725181.html
盛平/南联培训机构地推,25,小时,日结,深圳市爱唯途教育管理有限公司,04-29,"兼职薪酬：
无责底薪≥25/小时，合无责底薪150/天，合综合薪资150~300/天。

工作内容：定点引流，地推采单，送小玩具
①定点引流
②课包售卖及获取名单须核销确认
③工资次日可结

采单遵循“非无效，既有效”原则。

工作地点：
龙岗区“盛平/南联”两地附近

工作时间：
周一到周五下午3小时：15:30-18:30，或按照中心实际情况安排。
周六到周日全天6小时：9:30-12:30，15:30-18:30

具体兼职工作详情，请优先加微信了解。
微信备注请注明：名字+兼职

校区联系人（微信）：
WE_Liiiiiiz
联系我时请说明在1010兼职网看到的
禁止转载

联系我时请说明在1010兼职网看到的
联系人：曹老师
公司地址：龙岗区盛平社区远洋新天地二期 [交通地图]
手机：180 2690 ****点击查看完整电话
微信：we_liiiiiiz
提示：请不要交钱给任何单位，谨防：会员卡费、押金、保证金",https://sz.1010jz.com/paifa/a1791021.html
龙岗盛平社区市场专员/地推,35,小时,次日结,深圳市爱唯途教育管理有限公司,04-29,"少儿培训机构招聘专兼职市场执行专员（有细分领域地推经验者优先）

兼职薪酬：
无责底薪≥25/小时，合无责底薪150/天，合综合薪资150~300/天。

工作内容：定点引流，地推采单，送小玩具
①兼职薪酬自选
②定点引流
③课包售卖及获取名单须核销确认
④工资次日可结
⑤周结或月结工资，有额外的连续出勤奖
专职须面试。
采单遵循“非无效，既有效”原则。

工作地点：
龙岗盛平：16号线龙园地铁站（在建），龙城街道远洋新天地（导航定位：新天地幼儿园）
工作地点自选。

工作时间：
周一到周五下午3小时：15点-18点，或按照中心实际情况安排。
周六到周日全天6小时：9点半-12点半，15点-18点。12点半-15点休息。

具体兼职工作详情，请优先加微信了解。
微信备注请注明：名字+兼职

校区联系人（微信）：
WE_Liiiiiiz

联系我时请说明在1010兼职网看到的
公司地址：龙岗区盛平社区远洋新天地二期
禁止转载

联系我时请说明在1010兼职网看到的
联系人：
公司地址：龙岗区盛平社区远洋新天地二期 [交通地图]
提示：请不要交钱给任何单位，谨防：会员卡费、押金、保证金",https://sz.1010jz.com/paifa/a1792042.html
灵活贴纸拍照,80,天,日结,深圳市爱创科技教育有限公司,04-29,"到各写字楼人员多的地方贴纸和拍照即可，简单轻松，可以长期做。
中午12:30-18:00  半天80元
只要男生
禁止转载

联系我时请说明在1010兼职网看到的
联系人：罗生
公司地址：南山区智慧广场A座1单元15楼1501c1-1501c2 [交通地图]
手机：139 2467 ****点击查看完整电话
微信：13924676793
提示：请不要交钱给任何单位，谨防：会员卡费、押金、保证金",https://sz.1010jz.com/paifa/a1801118.html
教培类APP推广拉新有保底,500,天,日结,浙江艺旗教育科技有限公司,04-29,"招聘：5人
内容：卖课包
日期：3号—5号
时间：10:00–18:00
地点：会展中心
底薪：每天保底200元
提成：50元/单、多劳多得
要求：有教培地推经验 且会粤语
号码与WX同号请联系（不接电话）

禁止转载

联系我时请说明在1010兼职网看到的
联系人：王先生
公司地址：福田区 [交通地图]
手机：186 8221 ****点击查看完整电话
微信：markl23954549
提示：请不要交钱给任何单位，谨防：会员卡费、押金、保证金",https://sz.1010jz.com/paifa/a1800789.html
项目助理实习（仅在读）,150,天,月结,励展华博展览（深圳）有限公司,04-29,"工作职能：
1.根据项目需求进行展会相关数据搜索、采集，拓展及开发等数据处理工作。
2.根据项目组需求进行项目官网网站修改，更新及维护工作。
3.活动执行
4.协助市场部其他相关的工作。
职位要求：
1.每周5天工作时间，可接受加班
2.仔细认真，有耐心，有较好得文字功底及审美能力优先考虑
3.较强的沟通能力，逻辑思维能力和学习能力，抗压力强，积极性高
4.有优秀的英文文案功底优先
5.熟练使用Excel, PPT，PS，PR等软件优先。
工作地点：深圳市福田区中心四路1-1号嘉里建设广场第三座3楼303室-励展（深圳）展览有限公司
工作时间：9：00-18：00
工资：150-180元
禁止转载

联系我时请说明在1010兼职网看到的
联系人：罗
公司地址：福田区国际商会中心 [交通地图]
手机：135 1002 ****点击查看完整电话
电话：0755-23834577
微信：leoy20141130
提示：请不要交钱给任何单位",https://sz.1010jz.com/wenmi/a1799551.html
招兼职晚辅老师,150,天,月结,深圳市南山区学优教育培训中心,04-29,"1 要求师类专科或以上学校毕业
2 最好住南山蛇口附近
3 有亲和力，性格活泼开朗
4 责任心强，有一定的管理能力
5 有晚辅经验优先。
6 要求能辅导小学全科
7 周一至周五晚上4：00：9：30
8 周六上一对一另外提成
禁止转载

联系我时请说明在1010兼职网看到的
联系人：林老师
公司地址：南山区蛇口渔村路63号德隆广场二楼学优教育 [交通地图]
手机：189 2844 ****点击查看完整电话
微信：18928442102
提示：请不要交钱给任何单位",https://sz.1010jz.com/laoshi/a1800936.html
每天要人做完现结,100,天,日结,深圳市百川安全技术有限公司,04-28,"日结龙华天天要人，做完立马结符合条件报名！
必须有驾驶证，没有案底行政处罚！之前做过的不能再来了。
每天龙华捡钱活充场100，现结现结！
每天线下深圳运满满APP拉新，年龄25-55，只要男生！
注册好立马结。

要求有驾驶证，没有案底就行

报名发姓名+电话+年龄+运满满。
禁止转载

联系我时请说明在1010兼职网看到的
联系人：蒋云飞
公司地址：深圳市龙华区观湖街道新源社区腾龙工业区105号5栋103 [交通地图]
手机：133 7840 ****点击查看完整电话
微信：13378403027
提示：请不要交钱给任何单位",https://sz.1010jz.com/qita/a1799952.html
临时兼职叠衣服包装工，女生,20,小时,日结,深圳市隆缘裳服饰有限公司,04-28,"1、会叠衣服，会包装，要身体健康者
2、做事麻利，有基础量要求
3、女装（T恤、裤子，针织衫、套装等）
4、早上9点-22点，可日结、次日结，工期完了结
5、长期有工做（要做事麻利者）
禁止转载

联系我时请说明在1010兼职网看到的
联系人：杨小姐
公司地址：南山区粤海工业区动漫园6栋601室 [交通地图]
微信：13480852486
提示：请不要交钱给任何单位",https://sz.1010jz.com/qita/a1801113.html
临时电商服装包装/男生,20,小时,次日结,深圳市隆缘裳服饰有限公司,04-28,"主要工作如下【次日结】
1，打包、叠盒子、装快递袋、贴面单

要求：
动手能力强，干净做事麻利
慢动作勿扰，尊重时效。谢谢
做完次日结，
禁止转载

联系我时请说明在1010兼职网看到的
联系人：杨
公司地址：南山区粤海工业区动漫园6栋601室 [交通地图]
手机：134 8085 ****点击查看完整电话
提示：请不要交钱给任何单位",https://sz.1010jz.com/jiazheng/a1795842.html
课包推广,300,天,次日结,深圳市弘阅教育科技有限公司,04-28,"推广兼职（长期）

工作内容：
学校周边售卖小课包及拿电话号码
工作要求：
男女皆可，吃苦耐劳，有经验优先
工作时间：
无时间限制，多劳多得

薪资待遇：
8元/有效单，课包50元/个

工作地点：
南山区后海大道2320号电力花园二期安荟邻1楼

PS：加微信备注好”推广兼职“
禁止转载

联系我时请说明在1010兼职网看到的
联系人：willia
公司地址：宝安区中洲购物广场 [交通地图]
手机：138 0223 ****点击查看完整电话
微信：13802233644
提示：请不要交钱给任何单位",https://sz.1010jz.com/market/a1768932.html
周末兼职服务员,20,小时,月结,深圳市越小品餐饮管理有限公司欢乐港湾店,04-28,"负责接待顾客，上茶水，收桌，下午卫生清洁，需要有餐饮健康证，为人有礼貌有耐心，动作敏捷迅速，有服务员工作经验，薪资月结，每个月15号统一发招商银行，上班时间：17点半-21点半，非诚勿扰谢谢！
禁止转载

联系我时请说明在1010兼职网看到的
联系人：陈店长
公司地址：深圳市宝安区华侨城欢乐港湾东岸B1层越小品 [交通地图]
手机：135 2877 ****点击查看完整电话
微信：13528773561
提示：请不要交钱给任何单位",https://sz.1010jz.com/fuwuyuan/a1799392.html
日结开卡员,面议,,,深圳市鑫荣鑫人力资源有限公司,04-28,无法获取职位详情,https://sz.1010jz.com/qita/a1801104.html
坪山耳机厂长白班 日结做事轻松简单,17,小时,日结,深圳美帮信息咨询有限公司,04-28,"坪山耳机厂 日结。日结 
招聘长白班 不用面试直接上班。
员工17=16+1元/小时(要求7天全勤
工期7天，可长期做

做满3天后，第四天开始每天下班发150，剩余工资月结。
年龄18～52岁，男女不限，政策放宽，能干活统统接收
不体检，不面试，包进厂
普通工衣+全坐班
主要生产蓝牙耳机，数据线打包装，贴标签，放说明书，折盒子，简单手工活，

【员工单价】:17元/小时，要求7天全勤，工期7天以上，可以长期做

【招聘要求】：18-52岁，政策放宽，能好好上班都接收。
【吃住细节】：不包吃，提供宿舍，住宿+水电=12块每天，三天后每天下班发薪

注意：进入车间需要过安检门，手机，钱包，香烟，打火机不能带进车间，有柜子放，车间为无铁车间，建议穿运动裤，拖鞋可上班。
禁止转载

联系我时请说明在1010兼职网看到的
联系人：蒲先生
公司地址：福田保税区四号门公交站 [交通地图]
手机：135 3014 ****点击查看完整电话
微信：13530143532
提示：请不要交钱给任何单位",https://sz.1010jz.com/gongren/a1695078.html
招福田日结服务员,19,小时,日结,深圳白羽管理服务有限公司,04-27,"日结19/小时
岗厦地铁站附近招多名服务员
上班时间11:30-20:00
禁止转载

联系我时请说明在1010兼职网看到的
联系人：翁经理
公司地址：深圳市沙井街道沙头社区康民路166-198号 [交通地图]
手机：192 0057 ****点击查看完整电话
微信：19200578690
提示：请不要交钱给任何单位",https://sz.1010jz.com/fuwuyuan/a1800975.html
华润万家社区超市招聘兼职,22,小时,月结,润家商业（深圳）有限公司,04-27,"岗位职责： 
1、负责做好货品销售记录、盘点、账目核对等工作，按规定完成各项销售统计工作；
2、完成商品的来货验收、上架陈列摆放、保质期检查、补货、退货、线上拣货、店内卫生、防损等；
3、其他店长安排的日常营业工作。
任职资格：
1、有相关工作经验者优先；
2、具有较强的沟通能力及服务意识，吃苦耐劳；
3、年龄18-45周岁，身体健康。
时薪：22.2元/小时，月不超96小时
招聘人数：12人
招聘门店：
1、嘉宝田分店：深圳市罗湖区笋岗路嘉宝田花园F1栋商场01层83单元。
2、银湖蓝山分店：深圳市罗湖区北环大道1026号银湖蓝山汇10#楼1A号商铺。
3、虹湾分店：深圳市福田区下梅林北环大道6098号佐阾虹湾购物中心一楼L1035号商铺。
4、中旅店：深圳市福田区农科中心农园路与润田路交汇处港中旅花园首层商铺。
5、青橙时代店：深圳市罗湖区布心东晓路北端青橙时代公寓A栋附楼首层。

禁止转载

联系我时请说明在1010兼职网看到的
联系人：余小姐
公司地址：罗湖区黄贝街道怡景路2008号深圳国家动漫画产业基地动漫大厦16层 [交通地图]
手机：137 1530 ****点击查看完整电话
微信：13715306567
QQ：281646848
提示：请不要交钱给任何单位",https://sz.1010jz.com/dianyuan/a1796751.html
深圳高薪外呼兼职,300,天,周结,新东方彼岸（深圳）教育科技有限公司,04-26,"新东方学校招聘
【兼职电话客服招聘人数】：5人
【工作地点】
福田区华融大厦A座3楼
【工作时间】
全天：
早班10:00--18.00，
晚班14.00-20.00
【工作内容】
电话外呼，邀约家长参加活动课程或加微信都是有钱拿

【工作要求】
普通话表达流畅，具有良好的沟通能力，抗压力强，重点做的好可以做日结。
【薪资】
工资周结底薪150元 +提成，邀约有意向体验1个4元，（基本收入160元以上）做的好可惜做日结
【联系人】
陈老师

【报名方式】私聊我发送 “电话兼职” 给我即可~
禁止转载

联系我时请说明在1010兼职网看到的
联系人：陈老师
公司地址：深圳市福田区国际商会大厦A栋201 [交通地图]
手机：182 9604 ****点击查看完整电话
微信：18296040211
QQ：444344842
提示：请不要交钱给任何单位",https://sz.1010jz.com/wenmi/a1794005.html
高薪客服兼职,200,天,周结,新东方彼岸（深圳）教育科技有限公司,04-26,"新东方学校招聘
【兼职电话客服招聘人数】：5人
【工作地点】
福田区华融大厦A座3楼
【工作时间】
全天：
早班10:00--18.00，
晚班14.00-20.00
【工作内容】
电话外呼，邀约家长参加活动课程或加微信都是有钱拿

【工作要求】
普通话表达流畅，具有良好的沟通能力，抗压力强，重点做的好可以做日结。
【薪资】
工资周结底薪150元 +提成，邀约有意向体验1个4元，（基本收入160元以上）做的好可惜做日结
【联系人】
陈老师

【报名方式】私聊我发送 “电话兼职” 给我即可~
禁止转载

联系我时请说明在1010兼职网看到的
联系人：陈老师
公司地址：深圳市福田区国际商会大厦A栋201 [交通地图]
手机：182 9604 ****点击查看完整电话
微信：444344842
提示：请不要交钱给任何单位",https://sz.1010jz.com/wenmi/a1800300.html
深圳潮汕美食节,180,天,日结,清远市清城区横荷少少美食店,04-26,"深圳潮汕美食节，工作地点：深圳湾睿印RAIL IN L1层东南广场地铁9/11号线红树湾南站或2号线红树湾站
招聘促销售货员，要求女性多名，
工作要求：打杂，打包，叫卖，出货，手脚灵活，
工作待遇高，包吃工作餐，潮汕人优先，有意者请联系
工作时间：5月1号-5号早上10点晚上10点
禁止转载

联系我时请说明在1010兼职网看到的
联系人：雷生
公司地址：清远市清城区茶博城 [交通地图]
手机：134 2229 ****点击查看完整电话
提示：请不要交钱给任何单位，谨防：会员卡费、押金、保证金",https://sz.1010jz.com/cuxiao/a1801098.html
海报制作平面师,150,天,完工结,深圳世纪宏源科技有限公司,04-25,"按单来算100 100到150之间平面设计师负责设计会展相关的海报制作展板，在家也可以8:30到5:30
禁止转载

联系我时请说明在1010兼职网看到的
联系人：李
公司地址：龙华 [交通地图]
手机：137 6027 ****点击查看完整电话
提示：请不要交钱给任何单位",https://sz.1010jz.com/wenmi/a1794202.html
晚上有空。过来兼职，工资现结,80,天,日结,深圳市翔斌物业管理有限公司,04-25,"下班现结，招晚上送货员，主要为大型连锁餐饮店配送原材料。把货车上的货物从车上搬到餐厅的货仓里摆放好。一天两个班，晚上班是八点半到十二点半，四个小时100元，早上是两点半到六点半，四小时一百元，跟车送货，坐车的时间多，干活的时间不多，可以干两个班，下班结工资。请坐车到梅龙天桥，福田党校这个站其中之一下车都可以，地铁站孖岭站C出口。下午七点半到，金丰花园小区一栋二单元。可以长期干，过年过节不放假。
禁止转载

联系我时请说明在1010兼职网看到的
联系人：周生
公司地址：福田区皇岗北路 [交通地图]
手机：150 1410 ****点击查看完整电话
微信：15014108611
提示：请不要交钱给任何单位",https://sz.1010jz.com/qita/a1757831.html
现结招晚上跟车送货员,100,天,日结,深圳市翔斌物业管理有限公司,04-25,"下班现结，招晚上送货员，主要为大型连锁餐饮店配送原材料。把货车上的货物从车上搬到餐厅的货仓里摆放好。一天两个班，晚上班是八点半到十二点半，四个小时100元，早上是两点半到六点半，四小时100元，跟车送货，坐车的时间多，干活的时间不多，可以干两个班，下班结工资。请坐车到梅龙天桥，福田党校这个站其中之一下车都可以，地铁站孖岭站C出口。下午七点半到，金丰花园小区一栋二单元。可以长期干，过年过节不放假。
禁止转载

联系我时请说明在1010兼职网看到的
联系人：周永红
公司地址：福田区皇岗北路 [交通地图]
手机：150 1410 ****点击查看完整电话
提示：请不要交钱给任何单位",https://sz.1010jz.com/qita/a1743838.html
服务员/周末兼职/包工作餐,25,小时,周结,丹桂轩饮食（深圳）有限公司,04-25,"一、企业介绍
丹桂轩创建于1995年，以创新粤菜为主，精雕细琢，致力打造餐饮艺术和品位相融的至高境界，经过二十多年的努力，现已在深圳、澳门等地设立8家分店。
      公司本着“以人为本”的管理理念，以“团队管理”为主要模式，把员工摆在公司发展的核心地位，重视员工潜能的发挥，为员工提供广阔的升职及加薪机会，诚邀广大热衷于饮食服务行业，并有意于在本公司施展才华的人才加盟我公司。本公司为您提供一个展现自我，实现人生梦想的大舞台。
       丹桂轩真诚欢迎你加入我们的团队，与丹桂轩共享成长！
二、诚聘以下岗位：酒楼兼职/临时工
工作内容及待遇：
1、岗位：服务员/传菜员
2、岗位要求：
2.1、年龄18-35周岁，男女不限，身体健康，学历不限；有酒楼工作经验者，在校学生或人员均可！
2.2、需要有餐饮健康证
2.3、工作时间：09:00-20:00，取中间八小时上班。
3、待遇：
1、25元/小时；法定假三倍计算。包吃，不包住。
2、以上岗位均免费提供工作餐、工作服、不提供宿舍；
上班需自备黑色皮鞋与黑色袜子；
上班需自备黑色皮鞋与黑色
上班地址：南山区上班。
面试时间每周一~周五下午15:00-16:30
禁止转载

联系我时请说明在1010兼职网看到的
联系人：刘小姐
公司地址：南山区华侨城香山街波托菲诺会所1楼丹桂轩 [交通地图]
手机：150 1256 ****点击查看完整电话
微信：15012563220
提示：请不要交钱给任何单位",https://sz.1010jz.com/fuwuyuan/a1798938.html
五一兼职（20/小时、包吃）,20,小时,月结,南京大牌档美食文化有限公司,04-25,"工作内容：一些简单、安全，一学就会的工作，比如：传菜、擦桌子、档口打粥、盛菜、打包原料等；

招聘要求：18周岁，男女不限，吃苦耐劳，有餐饮兼职经验者优先。

小时工20/小时，包吃，一日三餐：10:00\16:00\21:30，薪资月结。

◆ 门店地址
四家门店均供选择：
深圳罗湖区南京大牌档kkmall店 
深圳龙华区南京大牌档壹方天地店
深圳宝安区南京大牌档海雅缤纷城店
深圳福田区南京大牌档卓越中心店
禁止转载

联系我时请说明在1010兼职网看到的
联系人：孙钦梅
公司地址：南京市鼓楼区鼓楼街88号611室 [交通地图]
手机：176 6063 ****点击查看完整电话
微信：17660636319
提示：请不要交钱给任何单位",https://sz.1010jz.com/fuwuyuan/a1801084.html
罗湖酒店招日结烧腊厨师,350,天,日结,深圳市科理迪设施管理服务有限公司,04-25,"会做烧腊类食品，会摆盘，做冷餐等
禁止转载

联系我时请说明在1010兼职网看到的
联系人：劳杨佳
公司地址：罗湖区城市天地广场A座 [交通地图]
手机：181 5477 ****点击查看完整电话
微信：18154775856
提示：请不要交钱给任何单位",https://sz.1010jz.com/qita/a1801092.html
南山酒店宴会日结,18,小时,日结,深圳白羽管理服务有限公司,04-25,"宴会日结
服务员18/小时
今天桃园地铁站附近招多名宴会服务员
上班时间 17-22：30
要求：18-50岁，服务员传菜员穿黑裤子黑鞋。（穿的邋遢，打扮夸张的，有纹身的，不爱洗澡有异味的，指甲头发太长的，不能服从安排的不要报名

禁止转载

联系我时请说明在1010兼职网看到的
联系人：翁经理
公司地址：深圳市沙井街道沙头社区康民路166-198号 [交通地图]
手机：192 0057 ****点击查看完整电话
微信：19200578690
提示：请不要交钱给任何单位",https://sz.1010jz.com/fuwuyuan/a1801090.html
兼职电话售后客服,200,天,月结,深圳市源加壹网络科技有限公司,04-25,"本岗位纯电话售后客服岗位，解决客户相关问题即可，不是销售岗位
【岗位职责】
1、通过在线及电话联系的方式，解答平台用户遇到的一系列售后问题（比如让客户好评，客户退换货问题，快递异常问题解决等）。纯售后客服，不带任何销售性质，工作轻松无压力。


【薪资上班时间】
时薪 15+10*kpi，每天08:00-21:00期间排班4-8小时，每周休2天


【上班周期】
5月5日至6月25日


【招聘要求】
年龄18-35 岁，无经验要求，电脑40 字/分钟，现场会有打字测试


【面试及工作地址】
龙岗区中心城仁恒梦创广场B栋（地铁站:16号线愉园C口）
禁止转载

联系我时请说明在1010兼职网看到的
联系人：欧阳主管
公司地址：龙岗杨美城市山海中心 [交通地图]
手机：137 5118 ****点击查看完整电话
提示：请不要交钱给任何单位",https://sz.1010jz.com/wenmi/a1801088.html
兼职试药员或试药代表,面议,,,深圳市汉桥文化传播有限公司,04-25,无法获取职位详情,https://sz.1010jz.com/qita/a1799452.html
龙华大浪周结打包工17,17,小时,周结,深圳市臻德科技有限公司,04-25,"龙华大浪羊台山附近（龙胜地铁站附近）电商物流打包工（手工活），明天开始，每小时17元，9:00-20:30，每天10个小时，一天170，工资周结（周六）下班全结，不压工资），可长期做，不要左撇子，有意向的随时联系我，或推荐朋友，罗先生微信同步(没有吃住）
禁止转载

联系我时请说明在1010兼职网看到的
联系人：罗先生
公司地址：深圳市龙岗区塘坑路龙塘商务中心 [交通地图]
手机：158 8947 ****点击查看完整电话
微信：15889478534
提示：请不要交钱给任何单位",https://sz.1010jz.com/jiazheng/a1775290.html
餐饮兼职（包吃）,20,小时,月结,南京大牌档美食文化有限公司,04-25,"工作内容：一些简单、安全，一学就会的工作，比如：传菜、擦桌子、档口打粥、盛菜、打包原料等；

招聘要求：18周岁，男女不限，吃苦耐劳，有餐饮兼职经验者优先。

小时工20/小时，包吃，一日三餐：10:00\16:00\21:30，薪资月结。

◆ 门店地址
四家门店均供选择：
深圳罗湖区南京大牌档kkmall店 
深圳龙华区南京大牌档壹方天地店
深圳宝安区南京大牌档海雅缤纷城店
深圳福田区南京大牌档卓越中心店
禁止转载

联系我时请说明在1010兼职网看到的
联系人：孙钦梅
公司地址：南京市鼓楼区鼓楼街88号611室 [交通地图]
手机：176 6063 ****点击查看完整电话
微信：17660636319
提示：请不要交钱给任何单位",https://sz.1010jz.com/fuwuyuan/a1801085.html
光明蒋石，日结，可干一天，包吃住,160,天,日结,优学教育（深圳）有限公司,04-24,"光明蒋石-纯日结，最少干一天，一个小时都不压

日结，当天下班洗手，就发工资，可以只做一天，也可以连续做

白班14元一小时免费包吃两餐，提供餐具，提供宿舍
自己在外面吃也要10元一餐，免费包吃两餐，也相当于140一天了，
白班早上8.30上班，晚上8.30下班，中午下午各休息一个小时吃饭免费，有提供一次性餐具，

夜班16元一小时不包吃，
夜班晚上8.30上班，早上7.30下班，晚上休息一小时吃饭，工资第二天中午12点之前发

每天上班10-11小时，长期有活儿干，可以天天来，也可以兼职只做一天

白夜班可自选，日结也招，提前报名天天有名额，包吃，做一天也可提供宿舍

主要工作就是，打包等工作，有站有坐，干活自由，穿自己衣服，可带手机，车间没空调，只有风扇

赶紧报名联系，人走账清    日结当天下班洗手就发工资
要住宿也可以安排临时宿舍，自己承担5元一晚费用

月综合工资4500元  
要去的朋友可以直接联系，找我发定位，飞机勿扰
禁止转载

联系我时请说明在1010兼职网看到的
联系人：冯川
公司地址：观澜大水坑，章阁，附近富士康园区 [交通地图]
手机：133 8030 ****点击查看完整电话
微信：13380309361
提示：请不要交钱给任何单位",https://sz.1010jz.com/jiazheng/a1764683.html
福田区香蜜湖深业中城24号招固定洗碗员,20,小时,日结,深圳市如安劳务派遣有限公司,04-24,"福田区香蜜湖深业中城24号招固定洗碗员
1:工期10天左右，4月24号-5月2号左右，上班时间7.30-13.30,7.20之前到店。
2:工资20块/小时，每天下班日结。
3:要求有健康证，身体健康，做事勤快听安排。
4:报名方式，微信报名，报名时请把名字电话身份证号码发给我。
地址：福田区香蜜湖街道红荔西路8059号深业中城7号楼1层
禁止转载

联系我时请说明在1010兼职网看到的
联系人：陈立虎
公司地址：景田梅富村54栋 [交通地图]
手机：153 0277 ****点击查看完整电话
微信：15302775369
提示：请不要交钱给任何单位",https://sz.1010jz.com/fuwuyuan/a1797419.html
兼职卖香水,6000,月,月结,深圳市丰润农产品商贸有限公司,04-24,"兼职卖香水，要求女生，要可以做长期的，不要短期兼职，有一定的销售经验。工作时间11-10点，
180底薪+5%提成
禁止转载

联系我时请说明在1010兼职网看到的
联系人：黄小姐
公司地址：坂田 [交通地图]
手机：158 8939 ****点击查看完整电话
微信：15889391361
提示：请不要交钱给任何单位，谨防：会员卡费、押金、保证金",https://sz.1010jz.com/cuxiao/a1782639.html
龙华区办公室外呼兼职,140,天,日结,深圳市星火国际教育文化传播有限公司,04-23,"地址1：龙华汇海广场
地址2：观澜电子市场旁
龙华，观澜办公室外呼  每天6小时    底薪140+提成   女士优先。老手，一天轻松入300。善于沟通，表达。  （教育培训机构）
禁止转载

联系我时请说明在1010兼职网看到的
联系人：黎老师
公司地址：龙华区汇海广场C座705室 [交通地图]
手机：185 7076 ****点击查看完整电话
微信：18570762661
提示：请不要交钱给任何单位，谨防：会员卡费、押金、保证金",https://sz.1010jz.com/paifa/a1795355.html
需要加微信人员,150,天,日结,上海纳榕文化传播有限公司,04-23,"会议地点：深圳机场希尔顿逸林酒店
时间：4月26日-27日
需要女生加微信，有经验靠谱，能加微信的来！底薪130+饭补20
0-20个，无提成。
21-100个，1元/个提成。
100个以上，1.5元/个提成。
多劳多得，没经验，不能加微信的勿扰！
禁止转载

联系我时请说明在1010兼职网看到的
联系人：王飞
公司地址：上海市青浦 [交通地图]
手机：138 1881 ****点击查看完整电话
微信：13818814589
提示：请不要交钱给任何单位，谨防：会员卡费、押金、保证金",https://sz.1010jz.com/paifa/a1801041.html
日结包吃住 松岗,16,小时,日结,深圳市成之恒科技有限公司,04-23,"松岗红星电子烟 8:00-22:00 压3天后日结16/小时 包吃 住宿10/天
禁止转载

联系我时请说明在1010兼职网看到的
联系人：黄先生
公司地址：南湾街道 [交通地图]
手机：147 7604 ****点击查看完整电话
微信：14776049506
提示：请不要交钱给任何单位",https://sz.1010jz.com/gongren/a1797781.html
全职普工，交五险一金,4500,月,月结,深圳宇叠智能科技有限公司,04-23,"工作内容：
1、负责根据提供的样品，摆放电路板，操作设备热压（操作简单，有培训），手工对位贴胶条，传感器拉伸激活（类似于布料）。
2、保证电路板摆放和胶条贴附精度，保证传感器充分激活，保证产品表面整洁。
3、协助产品外壳粘接，贴标签，打紧固螺丝，有焊接经验者优先。
4、核对装箱清单，协助产品打包装箱。
5、协助完成其它小批量样品制作任务。
6、工作轻松，办公室作业，五天八小时，购买五险一金。
任职要求：
1、具备良好的手工技能，注重细节，有耐心。
2、服从管理，有团队意识，责任心强。
3、沟通能力强，愿意学习新知识，不断提升自我。
4、服从公司生产计划的时间调剂。

工作时间：上午9:00-12:00，下午1：30-6：30，中午午休1.5小时，周末双休
工作地址：深圳市宝安区西乡街道航城智慧科技园B栋5层

禁止转载

联系我时请说明在1010兼职网看到的
联系人：何女士
公司地址：深圳市宝安区西乡街道航城智慧科技园B栋516 [交通地图]
手机：136 8180 ****点击查看完整电话
提示：请不要交钱给任何单位",https://sz.1010jz.com/gongren/a1800898.html
龙岗龙城广场圆通快递日结,18,小时,日结,深圳睿普科技有限公司,04-23,"深圳快递日结，20-50岁，天天有班。男女都要，18块一个小时，中途自离考勤作废，不记工时。保险一天扣2块。上班一定打保险卡，


5、龙岗龙城广场地铁站附近圆通兼职，男女都要， 日结17块一小时，20：00-6；00、、14号线嶂背地铁站B出口导航到定位、

兼职要求：带身份证或照片，不要拖鞋、凉鞋，短裤超过膝盖可以。
报名；请发名字电话年龄备注哪个兼职到手机微信
禁止转载

联系我时请说明在1010兼职网看到的
联系人：袁生
公司地址：福田区上步工业区503栋 [交通地图]
手机：185 2081 ****点击查看完整电话
微信：if2066
提示：请不要交钱给任何单位",https://sz.1010jz.com/jiazheng/a1797849.html
龙岗平湖中通快递日结,17,小时,日结,深圳睿普科技有限公司,04-23,"深圳快递日结，19-52岁，天天有班。男女都要，中途自离考勤作废，不记工时。保险一天扣3块。上班一定打保险卡，



1龙岗平湖中通兼职，日结17块一小时，男女都要，20:00-5:00晚上6点半世纪工业区公交站集合。




兼职要求：带身份证或照片，不要拖鞋、凉鞋，短裤超过膝盖可以。报名请发名字电话年龄备注哪个兼职到手机微信
禁止转载

联系我时请说明在1010兼职网看到的
联系人：袁生
公司地址：福田区上步工业区503栋 [交通地图]
手机：185 2081 ****点击查看完整电话
微信：if2066
提示：请不要交钱给任何单位",https://sz.1010jz.com/jiazheng/a1797859.html
周一至周五，放学校门口扫码,170,天,周结,深圳乐博乐博教育科技有限公司,04-22,"周一至周五学校门口扫码
底薪60(任务15个名单)
提成每个名单8元
工作内容，主动让家长扫码预约免费体验课(有送小玩具)

例如:扫15个名单，
60底薪+120提成=180

禁止转载

联系我时请说明在1010兼职网看到的
联系人：李老师
公司地址：深圳市 南山区 铜鼓路 城市山谷 奥凯迪教育城 [交通地图]
手机：131 4343 ****点击查看完整电话
提示：请不要交钱给任何单位，谨防：会员卡费、押金、保证金",https://sz.1010jz.com/paifa/a1798720.html
19.9小课包，乐高机器人编程,90,个,次日结,深圳乐博乐博教育科技有限公司,04-22,"【地面推广】19.9元体验课
提成:19.9+补70元/单
【工作内容】地面推广，邀请3-12岁家长了解课程，使家长扫码填写资料预约19.9元体验课。(有赠送玩具吸引小朋友辅助扫码)
【地点】罗湖（太安地铁站）
禁止转载

联系我时请说明在1010兼职网看到的
联系人：
公司地址：深圳市 南山区 铜鼓路 城市山谷 奥凯迪教育城 [交通地图]
手机：131 4343 ****点击查看完整电话
提示：请不要交钱给任何单位，谨防：会员卡费、押金、保证金",https://sz.1010jz.com/paifa/a1800979.html
坪山保税区 长白班日结日结,17,小时,日结,深圳美帮信息咨询有限公司,04-22," 坪山耳机厂 日结。日结 
招聘长白班 不用面试直接上班。

员工17=16+1元/小时，要求7天全勤，工期7天以上，可长期做

做满3天后，第四天开始每天下班发150，剩余工资月结。
年龄18～52岁，政策放宽，能干活统统接收
不体检，不面试，包进厂
普通工衣+全坐班
主要生产蓝牙耳机，数据线打包装，贴标签，放说明书，折盒子，简单手工活，

【员工单价】:17=16+1元/小时，要求7天全勤，工期7天以上，可长期做

【招聘要求】：18-52岁，政策放宽，能好好上班都接收。
【吃住细节】：不包吃，提供宿舍，住宿+水电=12块每天，三天后每天下班发薪

注意：进入车间需要过安检门，手机，钱包，香烟，打火机不能带进车间，有柜子放，车间为无铁车间，建议穿运动裤，拖鞋可上班。
禁止转载

联系我时请说明在1010兼职网看到的
联系人：蒲先生
公司地址：福田保税区四号门公交站 [交通地图]
手机：135 3014 ****点击查看完整电话
微信：13530143532
提示：请不要交钱给任何单位",https://sz.1010jz.com/gongren/a1795961.html
连锁雪糕店招聘服务员（壹方天地C区店）,4300,月,月结,深圳新语餐饮管理有限公司,04-22,"男女不限，年龄18-35岁（兼职需16岁以上），初中以上学历，工作热情，有进取心，品貌端正，有服务行业经验者优先；
兼职：20.2元22.2元/小时，可周末兼职。
全职：工资4300-5000元，根据门店业绩可享受季度奖与年终奖；公司为全体全职员工购买社保；入职满一年即可享受五天带薪年假和工龄奖金；晋升空间大，机会多，平均每天工作8个钟，一周休息一天。
有意者可致电或加微信质询
工作地址：深圳市龙华新区龙华街道龙景社区龙华大道3639号壹方天地C区B1-007B
（喜乳酪 HEYYO）
禁止转载

联系我时请说明在1010兼职网看到的
联系人：蔡主管
公司地址：罗湖区人民南路2010号深圳发展中心35楼 [交通地图]
手机：158 1644 ****点击查看完整电话
提示：请不要交钱给任何单位",https://sz.1010jz.com/fuwuyuan/a1688062.html
雪糕店招聘服务员（欢乐颂）,4300,月,月结,深圳新语餐饮管理有限公司,04-22,"男女不限，年龄18-35岁（兼职需16岁以上），初中以上学历，工作热情，有进取心，品貌端正，有服务行业经验者优先；
兼职：20.2元22.2元/小时，可周末兼职。
全职：工资4300-5000元，根据门店业绩可享受季度奖与年终奖；公司为全体全职员工购买社保；入职满一年即可享受五天带薪年假和工龄奖金；晋升空间大，机会多，平均每天工作8个钟，一周休息一天。
有意者可致电或加微信咨询！！
工作地址：深圳市南山区南新路3030号欢乐颂购物中心一层L165号铺位
（喜乳酪 HEYYO）
禁止转载

联系我时请说明在1010兼职网看到的
联系人：李店长
公司地址：罗湖区人民南路2010号深圳发展中心35楼 [交通地图]
手机：135 1011 ****点击查看完整电话
提示：请不要交钱给任何单位",https://sz.1010jz.com/fuwuyuan/a1688633.html
连锁雪糕店招服务员-壹方天地C区店,4300,月,月结,深圳新语餐饮管理有限公司,04-22,"男女不限，年龄18-35岁（兼职需16岁以上），初中以上学历，工作热情，有进取心，品貌端正，有服务行业经验者优先；
兼职：20.2元22.2元/小时，可周末兼职。
全职：工资4300-5000元，根据门店业绩可享受季度奖与年终奖；公司为全体全职员工购买社保；入职满一年即可享受五天带薪年假和工龄奖金；晋升空间大，机会多，平均每天工作8个钟，一周休息一天。
有意者可致电或加微信咨询！！
工作地址：深圳市龙华新区龙华街道龙景社区龙华大道3639号壹方天地C区B1-007B
（喜乳酪 HEYYO）
禁止转载

联系我时请说明在1010兼职网看到的
联系人：蔡主管
公司地址：罗湖区人民南路2010号深圳发展中心35楼 [交通地图]
手机：158 1644 ****点击查看完整电话
提示：请不要交钱给任何单位",https://sz.1010jz.com/fuwuyuan/a1692636.html
连锁雪糕店招店员（欢乐颂店）,4300,月,月结,深圳新语餐饮管理有限公司,04-22,"男女不限，年龄18-35岁（兼职需16岁以上），初中以上学历，工作热情，有进取心，品貌端正，有服务行业经验者优先；
兼职：20.2元22.2元/小时，可周末兼职。
全职：工资4300-5000元，根据门店业绩可享受季度奖与年终奖；公司为全体全职员工购买社保；入职满一年即可享受五天带薪年假和工龄奖金；晋升空间大，机会多，平均每天工作8个钟，一周休息一天。

工作地址：深圳市南山区南新路3030号欢乐颂购物中心一层L165号铺位（喜乳酪 HEYYO）
有意者可致电或加微信质询！
禁止转载

联系我时请说明在1010兼职网看到的
联系人：李店长
公司地址：罗湖区人民南路2010号深圳发展中心35楼 [交通地图]
手机：135 1011 ****点击查看完整电话
提示：请不要交钱给任何单位",https://sz.1010jz.com/fuwuyuan/a1688067.html
机场日结稳定有住宿,20,小时,周结,深圳市成之恒科技有限公司,04-22,"机场顺丰
20:00-7:30 23:00-7:30 
8:00-16:30 8:00-20:00 日结18-20/小时
住宿15/天
禁止转载

联系我时请说明在1010兼职网看到的
联系人：黄先生
公司地址：南湾街道 [交通地图]
手机：147 7604 ****点击查看完整电话
微信：14776049506
提示：请不要交钱给任何单位",https://sz.1010jz.com/jiazheng/a1797780.html
发传单＋卖体验小课包,100,天,日结,深圳市墨之坊文化艺术有限公司,04-22,"每天3个小时（下午15:00一18:00）
一个小时25元
在学校门口发传单，卖小课包99元3次
小课包直接一个提成80元
禁止转载

联系我时请说明在1010兼职网看到的
联系人：欢欢老师
公司地址：西乡地铁口附近 [交通地图]
手机：139 2467 ****点击查看完整电话
提示：请不要交钱给任何单位，谨防：会员卡费、押金、保证金",https://sz.1010jz.com/paifa/a1801058.html
仓库打包员,22,小时,日结,深圳中科诺创智科技有限公司,04-22,"协助仓库质检，打包产品, 封过批量FBA的货物的箱子， 封箱速度快
禁止转载

联系我时请说明在1010兼职网看到的
联系人：
公司地址：龙岗区坂田街道大发埔社区大发路27号龙璧工业区4栋401 [交通地图]
手机：139 3112 ****点击查看完整电话
微信：13931125116
提示：请不要交钱给任何单位",https://sz.1010jz.com/jiazheng/a1800277.html
急，长安塑料厂要普工2名，只压5天工资,198,天,月结,深圳草田营销管理有限公司,04-22,"长白班，
东莞长安塑料小厂急招2个临时工，不体检，不看纹身，简单面试
18元每小时一天180到198包吃住，现在来了4月底，发放4月份工资，只压5天工资

工期1个月以上


微信备注临时工
禁止转载

联系我时请说明在1010兼职网看到的
联系人：罗生
公司地址：深圳市龙岗区南湾街道布沙路荔景商务A栋404 [交通地图]
手机：150 1374 ****点击查看完整电话
提示：请不要交钱给任何单位",https://sz.1010jz.com/gongren/a1800973.html
诚聘课后作业辅导教师,150,天,月结,深圳市优的教育有限公司,04-21,"岗位职责:辅导小学语文、数学、英语课后作业

任职资格:大专及以上学历，熟悉小学课程知识，语言表达能力强，师范专业或大学英语四级以上人员优先。

工作时间:周一至周五下午4点~8点半（寒暑假除外）
禁止转载

联系我时请说明在1010兼职网看到的
联系人：郑老师
公司地址：福滨新村15栋一楼 [交通地图]
手机：136 8238 ****点击查看完整电话
电话：0755-83337683
提示：请不要交钱给任何单位",https://sz.1010jz.com/laoshi/a1594095.html
深圳罗湖维莱悦酒店招熟手客房服务员,17,个,完工结,深圳市如安劳务派遣有限公司,04-21,"深圳罗湖维莱悦酒店招熟手客房服务员
工期：4月26号-5月5号
时间：8.00-16.30
1：熟手客房服务员，有健康证，年龄20-55岁。
2：17元/间，每天保底15间，工资工期结束以后一起结。
3：地址罗湖火车站旁，9号线1号线皆可到。
禁止转载

联系我时请说明在1010兼职网看到的
联系人：陈立虎
公司地址：景田梅富村54栋 [交通地图]
手机：153 0277 ****点击查看完整电话
微信：15302775369
提示：请不要交钱给任何单位",https://sz.1010jz.com/fuwuyuan/a1800195.html
主播/新媒体运营,300,天,月结,深圳市富润天成投资有限公司,04-21,"岗位职责:
1. 执行直播任务，与观众互动，提供高质量的直播内容
2. 维护直播间秩序，确保直播环境的良好氛围

任职要求：
1. 具备出色的表达能力和互动技巧，能够吸引并维持观众兴趣
2. 对直播内容有创造性思维，能够及时调整策略以提升观看体验
3. 具有良好的团队合作精神，能够与团队成员有效沟通协作
禁止转载

联系我时请说明在1010兼职网看到的
联系人：
公司地址：安联大厦B区 [交通地图]
手机：134 1502 ****点击查看完整电话
提示：请不要交钱给任何单位",https://sz.1010jz.com/wenmi/a1801040.html
仓库工作！工资日结！日结,270,天,日结,深圳市新昊洋电子有限公司,04-21,"仓库小件物品，摆放、分类，分拣，打包，整理整齐，管理自由轻松，现场听从领导工作安排
禁止转载

联系我时请说明在1010兼职网看到的
联系人：深圳直聘
公司地址：深圳市宝安区福永街道凤凰社区兴业一路46号B栋404 [交通地图]
微信：ipp88789
提示：请不要交钱给任何单位",https://sz.1010jz.com/gongren/a1787093.html
4月22号深圳湾万丽酒店大量招服务员,17,小时,日结,深圳大森林环境管理有限公司,04-20,"万丽酒店大量需要日结工
加微留意朋友圈招聘信息
需要领队多名，有经验者联系
深圳湾万丽酒店
西餐厅服务员
早班:08.00-17.00
中班:11.00-22.30
晚班:14.30－22.30
可连上两个班 13小时
宴会厅
早班:08.00－19.00
晚班:14.30－23.00
大夜:23.00－08.00

班次看酒店需求。适合哪个就联系
生意比较好
年龄:18－58岁
工作内容:上菜，倒水，收台，摆台
第一次来上班请带身份证。

地址:在高新南站A出口

穿着:黑色鞋子，黑色裤子，上衣酒店提供。
地铁:9号线【高新南站A出口】
公交:90路或235路【科技南路站】
注意:
新人一定要带身份证
尽量微信联系，不要打电话，谢谢

禁止转载

联系我时请说明在1010兼职网看到的
联系人：默默
公司地址：深圳市龙岗区布吉街道大芬社区龙岗2454号 [交通地图]
微信：13040883508
提示：请不要交钱给任何单位",https://sz.1010jz.com/fuwuyuan/a1786169.html
龙华日结服务员,18,小时,日结,深圳白羽管理服务有限公司,04-19,"日结服务员18/小时
本周六日红山地铁站附近招多名服务员
上班时间11-16点
要求：18-45岁，服务员传菜员穿黑裤子黑鞋。（穿的邋遢，打扮夸张的，有纹身的，不爱洗澡有异味的，指甲头发太长的，不能服从安排的不要报名

禁止转载

联系我时请说明在1010兼职网看到的
联系人：翁经理
公司地址：深圳市沙井街道沙头社区康民路166-198号 [交通地图]
手机：192 0057 ****点击查看完整电话
微信：19200578690
提示：请不要交钱给任何单位",https://sz.1010jz.com/fuwuyuan/a1801039.html
空调清洗兼职有培训高收入,50,小时,周结,珠海市篷大帅文化传播有限公司,04-19,"兼职招募区域：深圳，广州
每个城市需要5人。
薪资：大概是50元-70元时，目前出工一次工资在150-400元之间。每周三之前结算上一周的工资。一般月收入增加2000-4000元。
工作内容：根据订单安排，优先安排附近的订单。
           
要求：面像端正，无染发纹身，诚实守信，吃苦耐劳，服从安排，服从安排，服从安排(这几点很重要)！
         学习动手能力不能太差。
         学历大专或以上最好。
         沟通墨迹的勿扰。

备注：这是个需要技术和经验的工作，培训费200元从工资里面扣或者自己找个人带带你学习或者去培训机构学习。包回本，不回本我赔付。需要签合同。
         可以把这个当副业 。

说明：空调清洗培训学徒1-2天，看个人学习能力。

禁止转载

联系我时请说明在1010兼职网看到的
联系人：王先生
公司地址：珠海市香洲区拱北粤华路418号1栋4单元403房 [交通地图]
手机：132 4209 ****点击查看完整电话
微信：dashuaijz10
提示：请不要交钱给任何单位，谨防：会员卡费、押金、保证金",https://sz.1010jz.com/paifa/a1785377.html
4.20号需要一名焊锡工,300,天,日结,深圳市漫威机器人科技有限公司,04-18,"明天下午来民治焊19个线路板，1小时内完工，轻松简单，需要自带工具，小线路板需要小焊锡工具
禁止转载

联系我时请说明在1010兼职网看到的
联系人：曾先生
公司地址：龙华新区大浪 [交通地图]
手机：166 7518 ****点击查看完整电话
提示：请不要交钱给任何单位",https://sz.1010jz.com/gongren/a1801027.html
罗湖 梅林 急招艺术机构传单地推/派发员,30,小时,日结,深圳竺韵文化艺术有限公司,04-18,"工作时间：大致周三到周日下午4-6点
工作形式：拿机构的礼物让加意向客户加我们。成交39.9小课包。
要求：有机构派单宣传经验。
地址：罗湖翠竹 梅林一村 竹子林 南山南油均可。

薪资：30元/小时 推39.9元小课包都给 转大课包6%提点
禁止转载

联系我时请说明在1010兼职网看到的
联系人：微微老师
公司地址：深圳市罗湖区翠竹路逸翠园（二期）裙楼301A [交通地图]
手机：188 9977 ****点击查看完整电话
提示：请不要交钱给任何单位，谨防：会员卡费、押金、保证金",https://sz.1010jz.com/paifa/a1800854.html
长期招聘培训机构派单员  工资日结,30,小时,日结,深圳竺韵文化艺术有限公司,04-18,"工作时间：大致周三到周日下午4-6点
工作形式：拿机构的礼物让加意向客户加我们。成交39.9小课包。
要求：有机构派单宣传经验。
地址：罗湖翠竹 梅林一村 竹子林 南山南油均可。

薪资：30元/小时 推39.9元小课包都给 转大课包6%提点
禁止转载

联系我时请说明在1010兼职网看到的
联系人：微微老师
公司地址：深圳市罗湖区翠竹路逸翠园（二期）裙楼301A [交通地图]
手机：188 9977 ****点击查看完整电话
提示：请不要交钱给任何单位，谨防：会员卡费、押金、保证金",https://sz.1010jz.com/paifa/a1801025.html
急招平湖日结送菜，包吃包住、,140,天,日结,广东德成人力资源服务有限公司,04-18,"职责:分菜、称菜、搬菜、削皮、搞卫生等，做事很简单

工作时间:晚班，晚上12点开始上班，早上8/9点左右结束，中间有坐车时间，实际干活5/6小时左右，坐车可以睡觉、打游戏等。

要求:18-49岁，无大纹身，无染发，无案底，有本人身份证和实名微信
日结140一天，包吃住，

注意:
1、保险1元/天，水电费2元/天，好做可以长期做;
2、一天四顿饭，早餐、中餐、晚餐和宵夜;
3、领失业救济金的不要报名!要依法申报个税!
禁止转载

联系我时请说明在1010兼职网看到的
联系人：宋主管
公司地址：玫瑰轩北座601 [交通地图]
手机：153 6100 ****点击查看完整电话
微信：15361002831
提示：请不要交钱给任何单位",https://sz.1010jz.com/fuwuyuan/a1796074.html
龙华清湖日结跟车送菜，包吃住、,140,天,日结,广东德成人力资源服务有限公司,04-18,"现龙华清湖急招跟车送菜，包吃住，晚班，晚上12点整开始上班，主要工作是分菜、称菜、搬菜、削皮、厨房简单打杂等。

时间跨度8/9小时左右，中途坐车。实际干活5/6小时左右，其余时间可坐车睡觉、打游戏等。
要求:年龄18-48岁，无大纹身，无染发，无案底。

待遇：日结，140一天，包吃住。做一天也可以，每天发薪，好做可以一直做。

其他：
保险1天一元，水电费2元一天。领失业救济金的不要报名！需要报个税！
禁止转载

联系我时请说明在1010兼职网看到的
联系人：宋主管
公司地址：玫瑰轩北座601 [交通地图]
手机：153 6100 ****点击查看完整电话
微信：15361002831
提示：请不要交钱给任何单位",https://sz.1010jz.com/fuwuyuan/a1797617.html
甘坑地铁站餐厅服务员日结,18,小时,日结,深圳市玉青餐饮有限公司,04-17,"固定服务员（18/小时，天天有班，月休四天）
日结服务员（17/小时，周六周日有班）
日结洗碗工（20/小时，有大型洗碗机）
有兴趣可以添加微信！
待遇：包工作餐，提供住宿（固定的提供）
要求：自备黑色西裤，黑色皮鞋，
要求：能上早晚班，住附近的优先！
A班：7点—22点30（两头班，中途休息3个小时）
B班：9点—22点30（两头班，中途休息3个小时）
C班：11点—22点30（两头班，中途休息3个小时）
地址：甘坑地铁站B出口
禁止转载

联系我时请说明在1010兼职网看到的
联系人：啊东
公司地址：横岗镇大康社区龙发工业区 [交通地图]
手机：138 2352 ****点击查看完整电话
微信：13823527040
提示：请不要交钱给任何单位",https://sz.1010jz.com/fuwuyuan/a1767221.html
松岗，福永，沙井，光明兼职,140,天,日结,深圳市星火国际教育文化传播有限公司,04-17,"日招聘兼职（长期需要）
工作内容：教培机构电话邀约家长到店或加 V
工资待遇：140+提成
工作时间：下午两点半-九点（工作 6 小时）
工作地址1：宝安松岗山美新村大厦（松岗汽车站旁）
工作地址2: 光明万悦山（光明大街地铁站，蓝鲸世界附近）
工作地址3:福永万福广场旁（福永桥底旁）
工作地址 4:沙井地铁站附近
工作地址 5:光明益田假日府邸（红花山地铁站附近
工作要求：女生，沟通能力强，能接受打电话
工资日结，办公室工作模式轻松
禁止转载

联系我时请说明在1010兼职网看到的
联系人：王老师
公司地址：龙华区汇海广场C座705室 [交通地图]
手机：137 1477 ****点击查看完整电话
微信：pwz52000
提示：请不要交钱给任何单位",https://sz.1010jz.com/wenmi/a1793957.html
因公司发展需求，现招聘以下精英:  招聘,18,天,日结,深圳洁净有害生物防冶有限公司,04-17,"因公司发展需求，现招聘以下精英:

招聘销售员5名，限女性，有销售经验优先！工资可日结！

工资150/餐费30/加提成。上班时间早上10:00到晚上9:30
禁止转载

联系我时请说明在1010兼职网看到的
联系人：
公司地址：龙岗 [交通地图]
手机：157 1203 ****点击查看完整电话
微信：15712036942
提示：请不要交钱给任何单位，谨防：会员卡费、押金、保证金",https://sz.1010jz.com/cuxiao/a1792145.html
市场推广（发传单）,150,天,周结,深圳市南山区瑞思培训中心,04-17,"工作内容
1.派发机构资料，让家长关注校区
2.性格开朗，善于沟通
薪资完成任务一天150-300没问题
位置：南山区宝能allcity南区二层SL201-2
禁止转载

联系我时请说明在1010兼职网看到的
联系人：李先生
公司地址：深圳市南山区中心路2233号宝能all city购物中心南区F2 [交通地图]
手机：189 3865 ****点击查看完整电话
微信：jeremy_pe
提示：请不要交钱给任何单位，谨防：会员卡费、押金、保证金",https://sz.1010jz.com/paifa/a1800600.html
派发礼品,150,天,周结,深圳市南山区瑞思培训中心,04-17,"周末/周中扫码兼职
时间：10:00-7：00
地址：南山海月a口
薪资：150-300之间，周结，有任务量，多劳多得！
工作内容：与孩子互动，扫码登记，送礼品，填写小名生日。
备注：需要18周岁，有经验优先，只要2人。
（飞机，大小姐，少爷！勿扰）
微信联系
禁止转载

联系我时请说明在1010兼职网看到的
联系人：李先生
公司地址：深圳市南山区中心路2233号宝能all city购物中心南区F2 [交通地图]
手机：189 3865 ****点击查看完整电话
微信：jeremy_pe
提示：请不要交钱给任何单位，谨防：会员卡费、押金、保证金",https://sz.1010jz.com/paifa/a1800904.html
龙岗坂田周末长期2天兼职,130,天,周结,深圳市耐造体育有限公司,04-17,"工作简单易上手，主要负责收银之类工作，本公司主要经营是室内篮球馆带空调那种。年龄30岁以下，请注意！！
禁止转载

联系我时请说明在1010兼职网看到的
联系人：李先生
公司地址：龙岗区坂田街道南坑社区麒麟路富奇智慧园 [交通地图]
手机：136 5232 ****点击查看完整电话
微信：13652321024
提示：请不要交钱给任何单位",https://sz.1010jz.com/dianyuan/a1800910.html
观澜湖每天日结,17,小时,日结,深圳市天和劳务派遣有限公司,04-17,"观澜湖每天日结
日结16元/小时，下班洗手拿钱。
白班:16元+第一天发工资压100元
夜班:17元+第一天发工资压100元
长期做优先安排。
不满一天无工资
工期至少10天以上，做不到100押金没有，最好长期干！
观澜湖手机模具组装[抱拳]上面放螺丝轻松简单活，坐班，不包吃住，一天11—12个小时，男女不限18-40岁以下，保险2块/天
禁止转载

联系我时请说明在1010兼职网看到的
联系人：景生
公司地址：深圳市龙华区花半里1705室 [交通地图]
手机：134 1075 ****点击查看完整电话
提示：请不要交钱给任何单位",https://sz.1010jz.com/gongren/a1800965.html
教育机构扫码地推,150,天,日结,云窗在线（深圳）科技有限公司,04-16,"在指定区域进行课程宣传，派发传单/礼品，吸引潜在客户；
向家长介绍机构课程特色，邀约试听或参与体验活动；
收集目标客户信息，协助完成推广指标；
参与线下活动的执行与推广（如节日活动、公开课等）。
禁止转载

联系我时请说明在1010兼职网看到的
联系人：钟献智
公司地址：龙岗天安数码城 [交通地图]
手机：159 2002 ****点击查看完整电话
微信：15920020187
提示：请不要交钱给任何单位，谨防：会员卡费、押金、保证金",https://sz.1010jz.com/paifa/a1801006.html
派单/地推 高提成兼职,150,天,日结,云窗在线（深圳）科技有限公司,04-16,"在指定区域进行课程宣传，派发传单/礼品，吸引潜在客户；
向家长介绍机构课程特色，邀约试听或参与体验活动；
收集目标客户信息，协助完成推广指标；
参与线下活动的执行与推广（如节日活动、公开课等）。

基础工资+拉新奖励+成单奖励
禁止转载

联系我时请说明在1010兼职网看到的
联系人：钟献智
公司地址：龙岗天安数码城 [交通地图]
手机：159 2002 ****点击查看完整电话
微信：15920020187
QQ：272899035
提示：请不要交钱给任何单位，谨防：会员卡费、押金、保证金",https://sz.1010jz.com/paifa/a1801018.html
电话邀约和线下推广,100,天,日结,深圳市旭阳俱乐部服务有限公司,04-16,"有经验优先，熟悉电销，教育行业优先
禁止转载

联系我时请说明在1010兼职网看到的
联系人：iris
公司地址：深圳龙岗健康花城 [交通地图]
手机：133 5651 ****点击查看完整电话
提示：请不要交钱给任何单位",https://sz.1010jz.com/market/a1801032.html
赛事助理,150,天,日结,卡大博创（深圳）教育科技有限公司,04-16,"职责：
1、协助布置场地，

地点：广东省深圳市龙华区大浪街道博恒实验学校


工作时间：
时间：4月18日16:00到22:00（可分开做）
4月19-20日8:00-18:00


要求：1、勤劳肯干，2、没有纹身之类

工资：150元/天，包中餐，做完结款。
禁止转载

联系我时请说明在1010兼职网看到的
联系人：许老师
公司地址：福田区燕南路13号宝树台三楼 [交通地图]
手机：134 8092 ****点击查看完整电话
微信：13480924707
提示：请不要交钱给任何单位，谨防：会员卡费、押金、保证金",https://sz.1010jz.com/cuxiao/a1798553.html
派发礼品,150,天,周结,深圳市南山区瑞思培训中心,04-16,"周末/周中扫码兼职
时间：10:00-7：00
地址：南山海月a口
薪资：150-300之间有任务量，多劳多得！
工作内容：与孩子互动，扫码登记，送礼品，填写小名生日。
备注：需要18周岁，有经验优先，只要2人。
（飞机，大小姐，少爷！勿扰）
微信联系
禁止转载

联系我时请说明在1010兼职网看到的
联系人：李先生
公司地址：深圳市南山区中心路2233号宝能all city购物中心南区F2 [交通地图]
手机：189 3865 ****点击查看完整电话
微信：jeremy_pe
提示：请不要交钱给任何单位，谨防：会员卡费、押金、保证金",https://sz.1010jz.com/paifa/a1800980.html
连锁面包店招营业员（宝安大仟里店）,4300,月,月结,深圳新语餐饮管理有限公司,04-16,"男女不限，年龄18-35岁（兼职需16岁以上），初中以上学历，工作热情，有进取心，品貌端正，有服务行业经验者优先；
兼职：20.2元22.2元/小时
全职：工资4300-5000元，根据门店业绩可享受季度奖与年终奖；公司为全体全职员工购买社保；入职满一年即可享受五天带薪年假和工龄奖金；晋升空间大，机会多，平均每天工作8个钟，一周休息一天。
有意者可致电或加微信咨询
工作地址：深圳市罗湖区深南东路5016号京基百纳空间KK MALL 1楼133B号商铺（面包新语）
禁止转载

联系我时请说明在1010兼职网看到的
联系人：朱店长
公司地址：罗湖区人民南路2010号深圳发展中心35楼 [交通地图]
手机：188 2522 ****点击查看完整电话
提示：请不要交钱给任何单位",https://sz.1010jz.com/fuwuyuan/a1691568.html
包吃包住-日结兼职保安,180,天,完工结,深圳市明博物业管理有限公司,04-15,"工作内容:维持秩序，领导交办的其他任务。
工作要求:男女不限，身体健康，工作认真负责，形象良好，谈吐清晰。
薪资待遇:180/天，包吃住
工作地点：深圳宝安国展北地铁站附近
禁止转载

联系我时请说明在1010兼职网看到的
联系人：林先生
公司地址：深圳市龙岗区横岗街道华侨新村社区荣德时代广场 B1801 [交通地图]
手机：175 0302 ****点击查看完整电话
微信：17503027214
提示：请不要交钱给任何单位",https://sz.1010jz.com/qita/a1799677.html
宝安石岩顺丰门店日结兼职,19,小时,日结,深圳市德隆人力资源有限公司,04-15,"宝安石岩顺丰门店
日结19/小时不用账号
18:30-02:30
工作：快递装卸、扫描、分拣、打包
要求：男性，18-40岁；
地址：黄峰岭公园旁【罗租营业部】
禁止转载

联系我时请说明在1010兼职网看到的
联系人：蔡生
公司地址：龙翔大道9009号珠江广场 [交通地图]
手机：159 2067 ****点击查看完整电话
微信：ccc9905120
提示：请不要交钱给任何单位",https://sz.1010jz.com/jiazheng/a1798991.html
地址核对兼职,200,天,日结,泉州市客莱文化传媒有限公司,04-15,"农业银行急招 福田，南山，龙岗 信用卡地址核对拍照人员，工资一天200元以上。做的好可以长期做。要求：会用高德地图，有电动车的优先。要报名的请加微信

工作内容：简单来说就是我们给你一些公司，店铺之类的单位地址。你要到实地去核对一下地址是否正确。然后拍几张带有地址字眼的照片证明你到了那边即可。
禁止转载

联系我时请说明在1010兼职网看到的
联系人：谢先生
公司地址：晋江市梅岭街道新沟路20号大沙漠大厦 [交通地图]
手机：180 5914 ****点击查看完整电话
提示：请不要交钱给任何单位，谨防：会员卡费、押金、保证金",https://sz.1010jz.com/paifa/a1800997.html
4.15-4.20沙井茭塘店兼职,110,天,周结,北京外企德科人力资源服务上海有限公司,04-14,"招聘啦[庆祝][庆祝][庆祝]
1.档期：4.15-4.20，连续6天
好想来沙井交塘店
时间:16:00-20:00，

 ◆ 工作内容 ◆
负责试吃 售卖产品

薪资：110/天；

 人员要求 ◆
16-40岁，女, 160，做过试吃及零售工作经验优先 
禁止转载

联系我时请说明在1010兼职网看到的
联系人：吴小姐
公司地址：龙岗坂田天安云谷 [交通地图]
手机：134 1739 ****点击查看完整电话
微信：wyj838630379
提示：请不要交钱给任何单位，谨防：会员卡费、押金、保证金",https://sz.1010jz.com/cuxiao/a1801031.html
招聘地推扫码（罗湖翠竹地铁周边）,200,周,周结,深圳童程童美教育有限公司龙岗分公司,04-14,"薪资待遇:底薪80+扫码8-12/个+热单20元/个+报名奖励，多劳多得，综合200-500元

岗位职责:在学校、商场等地向家长推广教育体验课程，引导扫码领取体验课，介绍课程收集客户信息，预约体验时间。
 
任职要求:形象给人与亲和力和信任感，积极主动，谈吐清楚，挑战高薪，男女不限，打酱油勿扰
禁止转载

联系我时请说明在1010兼职网看到的
联系人：黄老师
公司地址：龙岗区龙城广场D出口东方明珠城方茄城三楼 [交通地图]
手机：176 8816 ****点击查看完整电话
提示：请不要交钱给任何单位，谨防：会员卡费、押金、保证金",https://sz.1010jz.com/paifa/a1798688.html
福田 coco park商场促销,170,天,日结,深圳中利人力资源有限公司,04-14,"170/天
福田Coco park商场520活动促销
4.26-5.20号25天

时间：早10晚10，
要女生18-28岁，连做优先，早上一般都不忙，做过都知道，有经验的优先，不社恐，
女生，20-28岁，身高165左右，形象好，气质佳，不要胖的。
工资：170/天，
报名：名字+年龄+生活照（需线上面试）
禁止转载

联系我时请说明在1010兼职网看到的
联系人：
公司地址：宝安固戍 [交通地图]
手机：132 4673 ****点击查看完整电话
微信：mmeng4034
提示：请不要交钱给任何单位，谨防：会员卡费、押金、保证金",https://sz.1010jz.com/cuxiao/a1801029.html
招聘酒店宴会领队，帮工,200,天,日结,深圳市芯华人力资源有限公司,04-14,"招聘数名兼职人员16元一小时。
15:00班次。
酒店包工作餐，工资日结，想来的欢迎踊跃报名，招满即止！工作要求：男女不限，年龄：男（18～47岁），女（18到47岁），无不良记录，面相年轻，无怪异发型，胡须、指甲要修整，女生盘发淡妆、涂口红；带上本人有效身份证原件、黑色皮鞋(实在没有可以提供)、黑色袜子、皮带等；态度端正，讲究礼貌，服从现场管理人员工作安排和分配！岗位职责（传菜、服务）：摆台、上菜、倒茶、加酒、咨客、收餐......
报名热线：微信同步咨询，非诚勿扰！如果名额够了，本人就不一一回复了，谢谢大家的支持，祝各位兼职愉快！[微笑][握手]
地址
 地铁：1号线，四号线会展中心(E出口)、
禁止转载

联系我时请说明在1010兼职网看到的
联系人：钟生
公司地址：深圳福田会展中心大中华国际广场 [交通地图]
手机：190 7604 ****点击查看完整电话
微信：19076048832
提示：请不要交钱给任何单位",https://sz.1010jz.com/fuwuyuan/a1801028.html
日结送菜，包吃住，简单好做，就近安排,140,天,日结,广东德成人力资源服务有限公司,04-14,"龙岗平湖大皇公，鹅公岭，清湖，现招日结跟车送菜，包吃住，晚班，凌晨开始上班，主要工作是分菜、称菜、搬菜、削皮、厨房简单打杂等。时间跨度8/9小时左右，中途坐车。实际干活5/6小时左右，其余时间可坐车睡觉、打游戏等。
要求:年龄18-48岁，无大纹身，无染发，无案底，有本人的收款方式。
待遇：日结140一天，包吃住。做一天也可以，好做可以一直做。
其他:
1、保险1元/天，水电费2元一天;
2、领失业救济金的不要报名!需依法申报个税!
禁止转载

联系我时请说明在1010兼职网看到的
联系人：李姐
公司地址：玫瑰轩北座601 [交通地图]
手机：133 2293 ****点击查看完整电话
微信：13322931798
提示：请不要交钱给任何单位",https://sz.1010jz.com/fuwuyuan/a1795395.html
深圳龙华大浪电商日结兼职打包装,17,小时,日结,深圳市三人行人才管理服务有限公司,04-13,"深圳龙华大浪电商日结兼职打包装，电商打包装，长白班坐班，工作简单，男女不限，30岁以下，手脚麻利，做过打包装更好，工资待遇：17元一小时，工资日结，上班时间：8:00-21:30左右，有意向的加冯姐姐微信咨询报名，微信电话同号！
禁止转载

联系我时请说明在1010兼职网看到的
联系人：冯姐姐
公司地址：深圳市坪山区坪山街道六联社区深汕路坪山段168号六和商业广场一期H1807- [交通地图]
手机：134 3057 ****点击查看完整电话
微信：13430572280
提示：请不要交钱给任何单位",https://sz.1010jz.com/jiazheng/a1799723.html
朴朴超市龙岗百鸽笼店大量招聘人员,420,天,半月结,深圳市朴朴网络科技有限公司龙岗百鸽店,04-12," 朴朴超市龙岗百鸽店大量招聘人员
一、 配送员：
 1.精骑配送员：每单4.2元，平均每天100单《每天收入400元》《每月收入9000-12000》《每天出勤9小时》
2.兼职配送员：每单4元，平均每天80单，《每天收入约320》，《综合收入7000-10000》任何时段皆可，男女不限，每天任意上2-14小时 
福利：免费提供电动车、电池，配送超时不扣钱，固定配送范围 
二、店员：
1. 全职店员：4450+1000绩效 
2. 兼职分拣：每小时20元底薪/10元提成 
3. 兼职补货：每小时20元底薪/10元提成
4. 兼职水产：每小时20元底薪/10元提成
以上《任何时段皆可，男女不限，每天任意上2-14小时》


禁止转载

联系我时请说明在1010兼职网看到的
联系人：黄瑞昌
公司地址：龙岗区百鸽笼百合商业楼B座 [交通地图]
手机：150 1368 ****点击查看完整电话
微信：15013687184
提示：请不要交钱给任何单位",https://sz.1010jz.com/jiazheng/a1800780.html
